Business Date,Employee ID,Employee Name,Job Title,Pay Rate,Scheduled In,Scheduled Out,Scheduled Hours,Clock In,Clock Out,Regular Hours,OT Hours,Total Hours,Total Pay
2026-01-23,EMP-001,Sofia Martinez,Bartender,16.00,11:00,17:00,6.0,11:01,17:08,6.2,0,6.2,99.63
2026-01-23,EMP-015,Becca Thompson,Bartender,16.00,11:00,17:00,6.0,11:00,17:03,6.0,0,6.0,95.84
2026-01-23,EMP-019,Hailey Nguyen,Bartender,14.00,11:00,17:00,6.0,11:00,17:07,6.1,0,6.1,85.13
2026-01-23,EMP-023,Kayla Murphy,Bartender,15.00,11:00,17:00,6.0,11:02,17:01,5.9,0,5.9,88.16
2026-01-23,EMP-024,Trey Adams,Bartender,12.00,11:00,17:00,6.0,11:00,17:11,6.2,0,6.2,73.98
2026-01-23,EMP-026,Dylan Morales,Bartender,13.00,11:00,17:00,6.0,11:01,17:08,6.3,0,6.3,81.51
2026-01-23,EMP-029,Jordan Blake,Lead Bartender,20.00,11:00,17:00,6.0,11:02,17:04,6.1,0,6.1,122.41
2026-01-23,EMP-039,Paige Ramirez,Server,6.00,11:00,17:00,6.0,11:00,17:07,6.3,0,6.3,37.6
2026-01-23,EMP-041,Emma Sullivan,Server,5.50,11:00,17:00,6.0,11:01,17:03,6.2,0,6.2,34.02
2026-01-23,EMP-047,Kevin Walsh,Lead Bartender,22.00,11:00,17:00,6.0,11:02,17:15,6.1,0,6.1,135.17
2026-01-23,EMP-003,Jasmine Chen,Bartender,15.00,16:00,01:00,9.0,16:00,01:06,8.0,1.1,9.1,145.1
2026-01-23,EMP-008,Aisha Williams,Server,5.50,16:00,01:00,9.0,16:02,01:00,8.0,0.9,8.9,51.65
2026-01-23,EMP-016,Drew Collins,Bartender,15.00,16:00,01:00,9.0,16:00,01:15,8.0,1.2,9.2,146.01
2026-01-23,EMP-017,Megan Russo,Bartender,14.00,16:00,01:00,9.0,16:04,01:00,8.0,1.1,9.1,134.24
2026-01-23,EMP-018,Cole Jenkins,Bartender,15.00,16:00,01:00,9.0,16:01,01:00,8.0,1.2,9.2,147.33
2026-01-23,EMP-019,Hailey Nguyen,Bartender,14.00,16:00,01:00,9.0,16:00,01:11,8.0,1.3,9.3,138.96
2026-01-23,EMP-021,Zoe Henderson,Bartender,14.00,16:00,01:00,9.0,16:00,01:08,8.0,1.2,9.2,136.7
2026-01-23,EMP-024,Trey Adams,Bartender,12.00,16:00,01:00,9.0,16:04,01:06,8.0,1.2,9.2,117.73
2026-01-23,EMP-025,Maddie Turner,Bartender,14.00,16:00,01:00,9.0,16:00,01:07,8.0,1.1,9.1,136.14
2026-01-23,EMP-026,Dylan Morales,Bartender,13.00,16:00,01:00,9.0,16:00,01:10,8.0,0.8,8.8,119.62
2026-01-23,EMP-027,Lexi Harper,Bartender,12.00,16:00,01:00,9.0,16:01,01:11,8.0,1.0,9.0,114.15
2026-01-23,EMP-028,Caleb Stewart,Bartender,15.00,16:00,01:00,9.0,16:01,01:00,8.0,0.9,8.9,139.98
2026-01-23,EMP-029,Jordan Blake,Lead Bartender,20.00,16:00,01:00,9.0,16:00,01:01,8.0,1.0,9.0,191.3
2026-01-23,EMP-030,Samantha Reed,Lead Bartender,18.00,16:00,01:00,9.0,16:00,01:09,8.0,1.1,9.1,173.26
2026-01-23,EMP-032,Olivia Price,Lead Bartender,19.00,16:00,01:00,9.0,16:00,01:00,8.0,1.2,9.2,185.49
2026-01-23,EMP-034,Jalen Cooper,Barback,11.00,16:00,01:00,9.0,16:01,01:09,8.0,1.1,9.1,106.37
2026-01-23,EMP-038,Brandon Long,Barback,13.00,16:00,01:00,9.0,16:00,01:00,8.0,1.0,9.0,123.28
2026-01-23,EMP-039,Paige Ramirez,Server,6.00,16:00,01:00,9.0,16:00,01:00,8.0,1.1,9.1,57.84
2026-01-23,EMP-040,Noah Foster,Server,5.50,16:00,01:00,9.0,16:05,01:00,8.0,0.8,8.8,50.64
2026-01-23,EMP-041,Emma Sullivan,Server,5.50,16:00,01:00,9.0,16:00,01:13,8.0,1.2,9.2,53.86
2026-01-23,EMP-042,Grace Kelley,Server,5.50,16:00,01:00,9.0,16:00,01:11,8.0,1.2,9.2,53.87
2026-01-23,EMP-043,Liam Hayes,Server,5.50,16:00,01:00,9.0,16:03,01:03,8.0,1.3,9.3,54.45
2026-01-23,EMP-047,Kevin Walsh,Lead Bartender,22.00,16:00,01:00,9.0,16:00,01:14,8.0,1.0,9.0,209.49
2026-01-23,EMP-048,Rachel Ellis,Lead Bartender,21.00,16:00,01:00,9.0,16:00,01:05,8.0,1.2,9.2,206.07
2026-01-23,EMP-001,Sofia Martinez,Bartender,16.00,20:00,02:00,6.0,20:00,02:06,6.2,0,6.2,99.78
2026-01-23,EMP-003,Jasmine Chen,Bartender,15.00,20:00,02:00,6.0,20:01,02:00,5.8,0,5.8,87.19
2026-01-23,EMP-004,Jake Patterson,Bartender,12.00,20:00,02:00,6.0,20:03,02:03,6.3,0,6.3,75.31
2026-01-23,EMP-006,Ryan Okafor,Barback,12.00,20:00,02:00,6.0,20:02,02:14,6.1,0,6.1,73.72
2026-01-23,EMP-010,Katie Brown,Server,5.50,20:00,02:00,6.0,20:05,02:05,5.8,0,5.8,31.95
2026-01-23,EMP-013,Darius Washington,Doorman,14.00,20:00,02:00,6.0,20:00,02:05,6.1,0,6.1,85.95
2026-01-23,EMP-014,Chris Patel,Doorman,12.00,20:00,02:00,6.0,20:02,02:07,6.2,0,6.2,74.04
2026-01-23,EMP-016,Drew Collins,Bartender,15.00,20:00,02:00,6.0,20:02,02:00,6.2,0,6.2,92.51
2026-01-23,EMP-017,Megan Russo,Bartender,14.00,20:00,02:00,6.0,20:00,02:00,6.2,0,6.2,87.29
2026-01-23,EMP-021,Zoe Henderson,Bartender,14.00,20:00,02:00,6.0,20:02,02:00,6.0,0,6.0,83.31
2026-01-23,EMP-025,Maddie Turner,Bartender,14.00,20:00,02:00,6.0,20:02,02:00,6.0,0,6.0,84.58
2026-01-23,EMP-027,Lexi Harper,Bartender,12.00,20:00,02:00,6.0,20:00,02:00,5.9,0,5.9,70.23
2026-01-23,EMP-029,Jordan Blake,Lead Bartender,20.00,20:00,02:00,6.0,20:00,02:07,6.2,0,6.2,123.66
2026-01-23,EMP-030,Samantha Reed,Lead Bartender,18.00,20:00,02:00,6.0,20:00,02:10,6.3,0,6.3,112.96
2026-01-23,EMP-039,Paige Ramirez,Server,6.00,20:00,02:00,6.0,20:00,02:13,6.2,0,6.2,37.1
2026-01-23,EMP-042,Grace Kelley,Server,5.50,20:00,02:00,6.0,20:01,02:15,6.1,0,6.1,33.67
2026-01-23,EMP-046,Terrence Boyd,Doorman,11.00,20:00,02:00,6.0,20:00,02:04,5.8,0,5.8,64.28
2026-01-23,EMP-047,Kevin Walsh,Lead Bartender,22.00,20:00,02:00,6.0,20:04,02:01,6.2,0,6.2,135.79
2026-01-23,EMP-048,Rachel Ellis,Lead Bartender,21.00,20:00,02:00,6.0,20:00,02:00,6.2,0,6.2,130.76
2026-01-24,EMP-001,Sofia Martinez,Bartender,16.00,11:00,17:00,6.0,11:00,17:13,6.1,0,6.1,97.08
2026-01-24,EMP-010,Katie Brown,Server,5.50,11:00,17:00,6.0,11:00,17:00,6.1,0,6.1,33.33
2026-01-24,EMP-017,Megan Russo,Bartender,14.00,11:00,17:00,6.0,11:01,17:00,6.1,0,6.1,84.97
2026-01-24,EMP-022,Nate Fitzgerald,Bartender,13.00,11:00,17:00,6.0,11:00,17:02,6.0,0,6.0,78.65
2026-01-24,EMP-026,Dylan Morales,Bartender,13.00,11:00,17:00,6.0,11:05,17:00,6.1,0,6.1,79.29
2026-01-24,EMP-028,Caleb Stewart,Bartender,15.00,11:00,17:00,6.0,11:00,17:03,6.3,0,6.3,94.48
2026-01-24,EMP-039,Paige Ramirez,Server,6.00,11:00,17:00,6.0,11:00,17:00,6.2,0,6.2,37.28
2026-01-24,EMP-041,Emma Sullivan,Server,5.50,11:00,17:00,6.0,11:00,17:00,6.3,0,6.3,34.44
2026-01-24,EMP-049,Ian Doyle,Bartender,14.00,11:00,17:00,6.0,11:05,17:00,6.3,0,6.3,88.14
2026-01-24,EMP-003,Jasmine Chen,Bartender,15.00,16:00,01:00,9.0,16:05,01:10,8.0,1.3,9.3,149.14
2026-01-24,EMP-005,Tyler Brooks,Lead Bartender,18.00,16:00,01:00,9.0,16:03,01:04,8.0,0.9,8.9,169.41
2026-01-24,EMP-015,Becca Thompson,Bartender,16.00,16:00,01:00,9.0,16:00,01:13,8.0,1.2,9.2,157.59
2026-01-24,EMP-016,Drew Collins,Bartender,15.00,16:00,01:00,9.0,16:00,01:09,8.0,1.1,9.1,145.36
2026-01-24,EMP-018,Cole Jenkins,Bartender,15.00,16:00,01:00,9.0,16:02,01:04,8.0,1.2,9.2,148.09
2026-01-24,EMP-020,Logan Scott,Bartender,13.00,16:00,01:00,9.0,16:00,01:15,8.0,0.8,8.8,119.69
2026-01-24,EMP-026,Dylan Morales,Bartender,13.00,16:00,01:00,9.0,16:01,01:00,8.0,1.3,9.3,128.63
2026-01-24,EMP-027,Lexi Harper,Bartender,12.00,16:00,01:00,9.0,16:02,01:00,8.0,1.3,9.3,118.91
2026-01-24,EMP-028,Caleb Stewart,Bartender,15.00,16:00,01:00,9.0,16:03,01:15,8.0,1.0,9.0,141.81
2026-01-24,EMP-029,Jordan Blake,Lead Bartender,20.00,16:00,01:00,9.0,16:00,01:15,8.0,1.2,9.2,194.84
2026-01-24,EMP-030,Samantha Reed,Lead Bartender,18.00,16:00,01:00,9.0,16:00,01:02,8.0,1.0,9.0,170.95
2026-01-24,EMP-032,Olivia Price,Lead Bartender,19.00,16:00,01:00,9.0,16:04,01:00,8.0,1.1,9.1,184.1
2026-01-24,EMP-033,Devon Marshall,Barback,12.00,16:00,01:00,9.0,16:05,01:00,8.0,1.2,9.2,117.4
2026-01-24,EMP-036,Mason Perry,Barback,12.00,16:00,01:00,9.0,16:05,01:09,8.0,1.0,9.0,113.71
2026-01-24,EMP-037,Lucas Ward,Barback,11.00,16:00,01:00,9.0,16:00,01:00,8.0,1.0,9.0,105.24
2026-01-24,EMP-039,Paige Ramirez,Server,6.00,16:00,01:00,9.0,16:00,01:13,8.0,1.1,9.1,57.78
2026-01-24,EMP-041,Emma Sullivan,Server,5.50,16:00,01:00,9.0,16:00,01:13,8.0,0.9,8.9,51.35
2026-01-24,EMP-043,Liam Hayes,Server,5.50,16:00,01:00,9.0,16:05,01:08,8.0,0.9,8.9,51.83
2026-01-24,EMP-047,Kevin Walsh,Lead Bartender,22.00,16:00,01:00,9.0,16:00,01:00,8.0,1.2,9.2,214.18
2026-01-24,EMP-001,Sofia Martinez,Bartender,16.00,20:00,02:00,6.0,20:00,02:07,6.1,0,6.1,97.25
2026-01-24,EMP-013,Darius Washington,Doorman,14.00,20:00,02:00,6.0,20:00,02:00,5.9,0,5.9,82.46
2026-01-24,EMP-015,Becca Thompson,Bartender,16.00,20:00,02:00,6.0,20:03,02:09,6.2,0,6.2,99.2
2026-01-24,EMP-016,Drew Collins,Bartender,15.00,20:00,02:00,6.0,20:00,02:13,5.9,0,5.9,88.55
2026-01-24,EMP-017,Megan Russo,Bartender,14.00,20:00,02:00,6.0,20:03,02:03,6.2,0,6.2,87.16
2026-01-24,EMP-018,Cole Jenkins,Bartender,15.00,20:00,02:00,6.0,20:00,02:11,5.9,0,5.9,89.24
2026-01-24,EMP-021,Zoe Henderson,Bartender,14.00,20:00,02:00,6.0,20:05,02:00,5.9,0,5.9,82.94
2026-01-24,EMP-022,Nate Fitzgerald,Bartender,13.00,20:00,02:00,6.0,20:03,02:04,6.1,0,6.1,79.68
2026-01-24,EMP-023,Kayla Murphy,Bartender,15.00,20:00,02:00,6.0,20:04,02:10,6.1,0,6.1,92.21
2026-01-24,EMP-027,Lexi Harper,Bartender,12.00,20:00,02:00,6.0,20:03,02:11,5.9,0,5.9,70.86
2026-01-24,EMP-028,Caleb Stewart,Bartender,15.00,20:00,02:00,6.0,20:00,02:02,5.8,0,5.8,87.28
2026-01-24,EMP-029,Jordan Blake,Lead Bartender,20.00,20:00,02:00,6.0,20:00,02:00,6.1,0,6.1,122.02
2026-01-24,EMP-030,Samantha Reed,Lead Bartender,18.00,20:00,02:00,6.0,20:00,02:03,5.9,0,5.9,105.56
2026-01-24,EMP-033,Devon Marshall,Barback,12.00,20:00,02:00,6.0,20:00,02:03,6.0,0,6.0,71.89
2026-01-24,EMP-035,Isaac Bell,Barback,10.50,20:00,02:00,6.0,20:00,02:03,6.1,0,6.1,64.45
2026-01-24,EMP-037,Lucas Ward,Barback,11.00,20:00,02:00,6.0,20:00,02:00,6.1,0,6.1,67.26
2026-01-24,EMP-038,Brandon Long,Barback,13.00,20:00,02:00,6.0,20:05,02:15,5.9,0,5.9,76.65
2026-01-24,EMP-039,Paige Ramirez,Server,6.00,20:00,02:00,6.0,20:05,02:15,6.2,0,6.2,37.26
2026-01-24,EMP-041,Emma Sullivan,Server,5.50,20:00,02:00,6.0,20:00,02:05,6.3,0,6.3,34.63
2026-01-24,EMP-043,Liam Hayes,Server,5.50,20:00,02:00,6.0,20:00,02:14,5.9,0,5.9,32.58
2026-01-24,EMP-044,Marcus Green,Doorman,13.00,20:00,02:00,6.0,20:03,02:00,6.1,0,6.1,79.85
2026-01-24,EMP-045,Andre Jackson,Doorman,15.00,20:00,02:00,6.0,20:00,02:15,5.8,0,5.8,87.67
2026-01-24,EMP-048,Rachel Ellis,Lead Bartender,21.00,20:00,02:00,6.0,20:00,02:03,5.8,0,5.8,121.9
2026-01-24,EMP-049,Ian Doyle,Bartender,14.00,20:00,02:00,6.0,20:00,02:07,6.3,0,6.3,87.86
2026-01-25,EMP-002,Marcus Rivera,Bartender,15.00,11:00,17:00,6.0,11:03,17:04,6.1,0,6.1,91.42
2026-01-25,EMP-007,Ethan Kim,Barback,11.00,11:00,17:00,6.0,11:00,17:13,6.2,0,6.2,68.56
2026-01-25,EMP-018,Cole Jenkins,Bartender,15.00,11:00,17:00,6.0,11:01,17:00,6.0,0,6.0,89.59
2026-01-25,EMP-029,Jordan Blake,Lead Bartender,20.00,11:00,17:00,6.0,11:00,17:11,6.2,0,6.2,123.13
2026-01-25,EMP-034,Jalen Cooper,Barback,11.00,11:00,17:00,6.0,11:04,17:03,5.8,0,5.8,64.09
2026-01-25,EMP-041,Emma Sullivan,Server,5.50,11:00,17:00,6.0,11:04,17:08,6.2,0,6.2,33.84
2026-01-25,EMP-042,Grace Kelley,Server,5.50,11:00,17:00,6.0,11:00,17:09,6.1,0,6.1,33.28
2026-01-25,EMP-047,Kevin Walsh,Lead Bartender,22.00,11:00,17:00,6.0,11:01,17:11,6.3,0,6.3,137.96
2026-01-26,EMP-015,Becca Thompson,Bartender,16.00,11:00,17:00,6.0,11:00,17:00,6.2,0,6.2,98.64
2026-01-26,EMP-018,Cole Jenkins,Bartender,15.00,11:00,17:00,6.0,11:00,17:00,6.2,0,6.2,92.58
2026-01-26,EMP-048,Rachel Ellis,Lead Bartender,21.00,11:00,17:00,6.0,11:05,17:11,6.1,0,6.1,128.98
2026-01-26,EMP-049,Ian Doyle,Bartender,14.00,11:00,17:00,6.0,11:02,17:00,6.1,0,6.1,85.92
2026-01-26,EMP-004,Jake Patterson,Bartender,12.00,16:00,01:00,9.0,16:00,01:06,8.0,1.2,9.2,117.95
2026-01-26,EMP-009,Tony Garcia,Server,5.50,16:00,01:00,9.0,16:00,01:00,8.0,1.0,9.0,51.99
2026-01-26,EMP-019,Hailey Nguyen,Bartender,14.00,16:00,01:00,9.0,16:02,01:04,8.0,0.9,8.9,131.58
2026-01-26,EMP-020,Logan Scott,Bartender,13.00,16:00,01:00,9.0,16:05,01:13,8.0,1.0,9.0,123.44
2026-01-26,EMP-032,Olivia Price,Lead Bartender,19.00,16:00,01:00,9.0,16:00,01:14,8.0,1.0,9.0,181.36
2026-01-26,EMP-033,Devon Marshall,Barback,12.00,16:00,01:00,9.0,16:00,01:00,8.0,1.0,9.0,113.55
2026-01-26,EMP-037,Lucas Ward,Barback,11.00,16:00,01:00,9.0,16:01,01:10,8.0,0.9,8.9,102.83
2026-01-26,EMP-043,Liam Hayes,Server,5.50,16:00,01:00,9.0,16:05,01:03,8.0,0.9,8.9,51.53
2026-01-26,EMP-047,Kevin Walsh,Lead Bartender,22.00,16:00,01:00,9.0,16:00,01:06,8.0,1.0,9.0,209.47
2026-01-26,EMP-048,Rachel Ellis,Lead Bartender,21.00,16:00,01:00,9.0,16:00,01:00,8.0,1.3,9.3,208.78
2026-01-27,EMP-001,Sofia Martinez,Bartender,16.00,11:00,17:00,6.0,11:01,17:00,6.0,0,6.0,95.67
2026-01-27,EMP-004,Jake Patterson,Bartender,12.00,11:00,17:00,6.0,11:00,17:04,5.8,0,5.8,69.84
2026-01-27,EMP-015,Becca Thompson,Bartender,16.00,11:00,17:00,6.0,11:00,17:10,6.3,0,6.3,100.48
2026-01-27,EMP-019,Hailey Nguyen,Bartender,14.00,11:00,17:00,6.0,11:02,17:12,6.0,0,6.0,84.67
2026-01-27,EMP-021,Zoe Henderson,Bartender,14.00,11:00,17:00,6.0,11:01,17:11,6.2,0,6.2,86.28
2026-01-27,EMP-026,Dylan Morales,Bartender,13.00,11:00,17:00,6.0,11:00,17:00,5.9,0,5.9,76.22
2026-01-27,EMP-029,Jordan Blake,Lead Bartender,20.00,11:00,17:00,6.0,11:05,17:02,5.8,0,5.8,116.52
2026-01-27,EMP-034,Jalen Cooper,Barback,11.00,11:00,17:00,6.0,11:02,17:04,5.9,0,5.9,65.35
2026-01-27,EMP-035,Isaac Bell,Barback,10.50,11:00,17:00,6.0,11:01,17:02,6.1,0,6.1,64.14
2026-01-27,EMP-039,Paige Ramirez,Server,6.00,11:00,17:00,6.0,11:00,17:00,6.2,0,6.2,37.39
2026-01-27,EMP-041,Emma Sullivan,Server,5.50,11:00,17:00,6.0,11:01,17:01,6.0,0,6.0,33.2
2026-01-27,EMP-047,Kevin Walsh,Lead Bartender,22.00,11:00,17:00,6.0,11:03,17:14,5.9,0,5.9,129.59
2026-01-27,EMP-001,Sofia Martinez,Bartender,16.00,16:00,01:00,9.0,16:00,01:07,8.0,0.8,8.8,147.66
2026-01-27,EMP-007,Ethan Kim,Barback,11.00,16:00,01:00,9.0,16:00,01:07,8.0,1.0,9.0,104.56
2026-01-27,EMP-008,Aisha Williams,Server,5.50,16:00,01:00,9.0,16:05,01:02,8.0,0.9,8.9,51.51
2026-01-27,EMP-015,Becca Thompson,Bartender,16.00,16:00,01:00,9.0,16:01,01:15,8.0,0.8,8.8,147.82
2026-01-27,EMP-017,Megan Russo,Bartender,14.00,16:00,01:00,9.0,16:00,01:03,8.0,1.3,9.3,138.7
2026-01-27,EMP-019,Hailey Nguyen,Bartender,14.00,16:00,01:00,9.0,16:00,01:00,8.0,0.8,8.8,129.23
2026-01-27,EMP-020,Logan Scott,Bartender,13.00,16:00,01:00,9.0,16:00,01:01,8.0,0.9,8.9,122.38
2026-01-27,EMP-021,Zoe Henderson,Bartender,14.00,16:00,01:00,9.0,16:04,01:00,8.0,1.0,9.0,133.32
2026-01-27,EMP-023,Kayla Murphy,Bartender,15.00,16:00,01:00,9.0,16:02,01:06,8.0,1.0,9.0,141.76
2026-01-27,EMP-024,Trey Adams,Bartender,12.00,16:00,01:00,9.0,16:05,01:00,8.0,1.1,9.1,116.55
2026-01-27,EMP-026,Dylan Morales,Bartender,13.00,16:00,01:00,9.0,16:00,01:06,8.0,1.2,9.2,126.84
2026-01-27,EMP-030,Samantha Reed,Lead Bartender,18.00,16:00,01:00,9.0,16:00,01:01,8.0,1.1,9.1,173.49
2026-01-27,EMP-031,Matt Donovan,Lead Bartender,17.00,16:00,01:00,9.0,16:00,01:00,8.0,1.1,9.1,164.43
2026-01-27,EMP-034,Jalen Cooper,Barback,11.00,16:00,01:00,9.0,16:05,01:01,8.0,0.9,8.9,102.79
2026-01-27,EMP-036,Mason Perry,Barback,12.00,16:00,01:00,9.0,16:03,01:14,8.0,1.0,9.0,113.49
2026-01-27,EMP-040,Noah Foster,Server,5.50,16:00,01:00,9.0,16:00,01:00,8.0,0.9,8.9,51.13
2026-01-28,EMP-010,Katie Brown,Server,5.50,11:00,17:00,6.0,11:01,17:00,6.0,0,6.0,33.23
2026-01-28,EMP-019,Hailey Nguyen,Bartender,14.00,11:00,17:00,6.0,11:00,17:00,5.9,0,5.9,83.23
2026-01-28,EMP-021,Zoe Henderson,Bartender,14.00,11:00,17:00,6.0,11:00,17:07,6.0,0,6.0,84.67
2026-01-28,EMP-027,Lexi Harper,Bartender,12.00,11:00,17:00,6.0,11:02,17:11,6.0,0,6.0,71.9
2026-01-28,EMP-030,Samantha Reed,Lead Bartender,18.00,11:00,17:00,6.0,11:00,17:00,5.9,0,5.9,105.84
2026-01-28,EMP-031,Matt Donovan,Lead Bartender,17.00,11:00,17:00,6.0,11:00,17:11,6.0,0,6.0,102.47
2026-01-28,EMP-037,Lucas Ward,Barback,11.00,11:00,17:00,6.0,11:00,17:12,5.9,0,5.9,64.46
2026-01-28,EMP-039,Paige Ramirez,Server,6.00,11:00,17:00,6.0,11:03,17:02,5.9,0,5.9,35.68
2026-01-28,EMP-047,Kevin Walsh,Lead Bartender,22.00,11:00,17:00,6.0,11:00,17:03,6.2,0,6.2,137.21
2026-01-28,EMP-048,Rachel Ellis,Lead Bartender,21.00,11:00,17:00,6.0,11:00,17:01,6.1,0,6.1,127.41
2026-01-28,EMP-050,Taylor Quinn,Bartender,13.00,11:00,17:00,6.0,11:00,17:15,6.1,0,6.1,79.33
2026-01-28,EMP-001,Sofia Martinez,Bartender,16.00,16:00,01:00,9.0,16:00,01:12,8.0,0.9,8.9,150.37
2026-01-28,EMP-002,Marcus Rivera,Bartender,15.00,16:00,01:00,9.0,16:04,01:04,8.0,1.0,9.0,141.65
2026-01-28,EMP-003,Jasmine Chen,Bartender,15.00,16:00,01:00,9.0,16:00,01:06,8.0,0.9,8.9,140.47
2026-01-28,EMP-005,Tyler Brooks,Lead Bartender,18.00,16:00,01:00,9.0,16:00,01:12,8.0,1.1,9.1,174.47
2026-01-28,EMP-017,Megan Russo,Bartender,14.00,16:00,01:00,9.0,16:05,01:15,8.0,1.1,9.1,135.15
2026-01-28,EMP-018,Cole Jenkins,Bartender,15.00,16:00,01:00,9.0,16:02,01:02,8.0,1.0,9.0,141.65
2026-01-28,EMP-019,Hailey Nguyen,Bartender,14.00,16:00,01:00,9.0,16:05,01:07,8.0,0.9,8.9,130.43
2026-01-28,EMP-020,Logan Scott,Bartender,13.00,16:00,01:00,9.0,16:01,01:06,8.0,0.9,8.9,121.05
2026-01-28,EMP-026,Dylan Morales,Bartender,13.00,16:00,01:00,9.0,16:04,01:10,8.0,1.3,9.3,128.8
2026-01-28,EMP-027,Lexi Harper,Bartender,12.00,16:00,01:00,9.0,16:00,01:00,8.0,1.0,9.0,113.19
2026-01-28,EMP-031,Matt Donovan,Lead Bartender,17.00,16:00,01:00,9.0,16:00,01:00,8.0,1.0,9.0,161.84
2026-01-28,EMP-036,Mason Perry,Barback,12.00,16:00,01:00,9.0,16:00,01:14,8.0,0.8,8.8,111.3
2026-01-28,EMP-037,Lucas Ward,Barback,11.00,16:00,01:00,9.0,16:00,01:00,8.0,1.2,9.2,107.5
2026-01-28,EMP-040,Noah Foster,Server,5.50,16:00,01:00,9.0,16:00,01:00,8.0,0.9,8.9,51.7
2026-01-28,EMP-048,Rachel Ellis,Lead Bartender,21.00,16:00,01:00,9.0,16:00,01:12,8.0,1.2,9.2,204.79
2026-01-28,EMP-050,Taylor Quinn,Bartender,13.00,16:00,01:00,9.0,16:00,01:01,8.0,0.9,8.9,120.96
2026-01-28,EMP-004,Jake Patterson,Bartender,12.00,20:00,02:00,6.0,20:02,02:00,5.9,0,5.9,71.06
2026-01-28,EMP-006,Ryan Okafor,Barback,12.00,20:00,02:00,6.0,20:03,02:00,5.8,0,5.8,69.73
2026-01-28,EMP-008,Aisha Williams,Server,5.50,20:00,02:00,6.0,20:03,02:04,5.9,0,5.9,32.18
2026-01-28,EMP-013,Darius Washington,Doorman,14.00,20:00,02:00,6.0,20:00,02:00,5.9,0,5.9,82.79
2026-01-28,EMP-017,Megan Russo,Bartender,14.00,20:00,02:00,6.0,20:05,02:07,6.1,0,6.1,86.01
2026-01-28,EMP-022,Nate Fitzgerald,Bartender,13.00,20:00,02:00,6.0,20:00,02:06,5.8,0,5.8,75.9
2026-01-28,EMP-024,Trey Adams,Bartender,12.00,20:00,02:00,6.0,20:00,02:00,6.2,0,6.2,74.97
2026-01-28,EMP-026,Dylan Morales,Bartender,13.00,20:00,02:00,6.0,20:03,02:05,6.1,0,6.1,79.3
2026-01-28,EMP-028,Caleb Stewart,Bartender,15.00,20:00,02:00,6.0,20:05,02:04,6.1,0,6.1,91.69
2026-01-28,EMP-029,Jordan Blake,Lead Bartender,20.00,20:00,02:00,6.0,20:00,02:03,6.3,0,6.3,125.16
2026-01-28,EMP-034,Jalen Cooper,Barback,11.00,20:00,02:00,6.0,20:00,02:00,6.2,0,6.2,68.08
2026-01-28,EMP-035,Isaac Bell,Barback,10.50,20:00,02:00,6.0,20:00,02:07,6.0,0,6.0,63.25
2026-01-28,EMP-040,Noah Foster,Server,5.50,20:00,02:00,6.0,20:01,02:03,5.9,0,5.9,32.3
2026-01-28,EMP-041,Emma Sullivan,Server,5.50,20:00,02:00,6.0,20:00,02:00,6.2,0,6.2,34.01
2026-01-29,EMP-001,Sofia Martinez,Bartender,16.00,11:00,17:00,6.0,11:05,17:02,6.0,0,6.0,95.87
2026-01-29,EMP-015,Becca Thompson,Bartender,16.00,11:00,17:00,6.0,11:00,17:13,6.2,0,6.2,98.52
2026-01-29,EMP-021,Zoe Henderson,Bartender,14.00,11:00,17:00,6.0,11:00,17:02,6.0,0,6.0,83.73
2026-01-29,EMP-023,Kayla Murphy,Bartender,15.00,11:00,17:00,6.0,11:00,17:06,6.1,0,6.1,91.19
2026-01-29,EMP-027,Lexi Harper,Bartender,12.00,11:00,17:00,6.0,11:00,17:06,6.2,0,6.2,74.69
2026-01-29,EMP-031,Matt Donovan,Lead Bartender,17.00,11:00,17:00,6.0,11:00,17:12,6.3,0,6.3,106.86
2026-01-29,EMP-035,Isaac Bell,Barback,10.50,11:00,17:00,6.0,11:00,17:00,6.2,0,6.2,64.82
2026-01-29,EMP-037,Lucas Ward,Barback,11.00,11:00,17:00,6.0,11:00,17:07,6.2,0,6.2,67.83
2026-01-29,EMP-040,Noah Foster,Server,5.50,11:00,17:00,6.0,11:00,17:13,5.8,0,5.8,32.1
2026-01-29,EMP-050,Taylor Quinn,Bartender,13.00,11:00,17:00,6.0,11:00,17:00,5.8,0,5.8,75.91
2026-01-29,EMP-001,Sofia Martinez,Bartender,16.00,16:00,01:00,9.0,16:04,01:08,8.0,0.9,8.9,149.0
2026-01-29,EMP-002,Marcus Rivera,Bartender,15.00,16:00,01:00,9.0,16:00,01:11,8.0,1.1,9.1,145.86
2026-01-29,EMP-003,Jasmine Chen,Bartender,15.00,16:00,01:00,9.0,16:01,01:05,8.0,1.0,9.0,142.99
2026-01-29,EMP-005,Tyler Brooks,Lead Bartender,18.00,16:00,01:00,9.0,16:00,01:00,8.0,0.8,8.8,166.41
2026-01-29,EMP-008,Aisha Williams,Server,5.50,16:00,01:00,9.0,16:00,01:00,8.0,1.0,9.0,52.24
2026-01-29,EMP-017,Megan Russo,Bartender,14.00,16:00,01:00,9.0,16:04,01:11,8.0,1.0,9.0,132.01
2026-01-29,EMP-018,Cole Jenkins,Bartender,15.00,16:00,01:00,9.0,16:00,01:03,8.0,1.3,9.3,148.95
2026-01-29,EMP-021,Zoe Henderson,Bartender,14.00,16:00,01:00,9.0,16:00,01:07,8.0,1.1,9.1,135.3
2026-01-29,EMP-022,Nate Fitzgerald,Bartender,13.00,16:00,01:00,9.0,16:00,01:12,8.0,1.1,9.1,125.5
2026-01-29,EMP-023,Kayla Murphy,Bartender,15.00,16:00,01:00,9.0,16:02,01:10,8.0,1.0,9.0,141.52
2026-01-29,EMP-026,Dylan Morales,Bartender,13.00,16:00,01:00,9.0,16:00,01:15,8.0,1.0,9.0,123.74
2026-01-29,EMP-027,Lexi Harper,Bartender,12.00,16:00,01:00,9.0,16:00,01:00,8.0,1.0,9.0,113.66
2026-01-29,EMP-029,Jordan Blake,Lead Bartender,20.00,16:00,01:00,9.0,16:00,01:04,8.0,0.9,8.9,186.44
2026-01-29,EMP-030,Samantha Reed,Lead Bartender,18.00,16:00,01:00,9.0,16:00,01:14,8.0,0.8,8.8,165.75
2026-01-29,EMP-032,Olivia Price,Lead Bartender,19.00,16:00,01:00,9.0,16:00,01:15,8.0,1.3,9.3,188.04
2026-01-29,EMP-033,Devon Marshall,Barback,12.00,16:00,01:00,9.0,16:00,01:13,8.0,1.1,9.1,115.48
2026-01-29,EMP-037,Lucas Ward,Barback,11.00,16:00,01:00,9.0,16:00,01:00,8.0,1.3,9.3,108.98
2026-01-29,EMP-038,Brandon Long,Barback,13.00,16:00,01:00,9.0,16:00,01:04,8.0,1.3,9.3,128.95
2026-01-29,EMP-040,Noah Foster,Server,5.50,16:00,01:00,9.0,16:01,01:06,8.0,1.3,9.3,54.62
2026-01-29,EMP-043,Liam Hayes,Server,5.50,16:00,01:00,9.0,16:01,01:11,8.0,0.9,8.9,51.02
2026-01-29,EMP-049,Ian Doyle,Bartender,14.00,16:00,01:00,9.0,16:04,01:07,8.0,1.0,9.0,133.81
2026-01-29,EMP-001,Sofia Martinez,Bartender,16.00,20:00,02:00,6.0,20:00,02:00,6.1,0,6.1,98.26
2026-01-29,EMP-002,Marcus Rivera,Bartender,15.00,20:00,02:00,6.0,20:05,02:00,6.3,0,6.3,94.15
2026-01-29,EMP-003,Jasmine Chen,Bartender,15.00,20:00,02:00,6.0,20:00,02:15,5.9,0,5.9,88.06
2026-01-29,EMP-014,Chris Patel,Doorman,12.00,20:00,02:00,6.0,20:00,02:06,6.1,0,6.1,73.34
2026-01-29,EMP-016,Drew Collins,Bartender,15.00,20:00,02:00,6.0,20:05,02:07,5.9,0,5.9,88.79
2026-01-29,EMP-022,Nate Fitzgerald,Bartender,13.00,20:00,02:00,6.0,20:00,02:00,6.2,0,6.2,80.38
2026-01-29,EMP-023,Kayla Murphy,Bartender,15.00,20:00,02:00,6.0,20:00,02:10,5.8,0,5.8,87.71
2026-01-29,EMP-024,Trey Adams,Bartender,12.00,20:00,02:00,6.0,20:00,02:00,5.8,0,5.8,70.01
2026-01-29,EMP-027,Lexi Harper,Bartender,12.00,20:00,02:00,6.0,20:02,02:03,6.3,0,6.3,75.52
2026-01-29,EMP-037,Lucas Ward,Barback,11.00,20:00,02:00,6.0,20:01,02:14,6.3,0,6.3,68.84
2026-01-29,EMP-038,Brandon Long,Barback,13.00,20:00,02:00,6.0,20:00,02:11,6.2,0,6.2,80.89
2026-01-29,EMP-044,Marcus Green,Doorman,13.00,20:00,02:00,6.0,20:05,02:00,6.1,0,6.1,79.43
2026-01-29,EMP-047,Kevin Walsh,Lead Bartender,22.00,20:00,02:00,6.0,20:03,02:00,5.9,0,5.9,129.3
2026-01-29,EMP-049,Ian Doyle,Bartender,14.00,20:00,02:00,6.0,20:01,02:00,6.1,0,6.1,85.19
2026-01-30,EMP-001,Sofia Martinez,Bartender,16.00,11:00,17:00,6.0,11:02,17:00,6.0,0,6.0,95.59
2026-01-30,EMP-015,Becca Thompson,Bartender,16.00,11:00,17:00,6.0,11:00,17:00,6.3,0,6.3,100.14
2026-01-30,EMP-023,Kayla Murphy,Bartender,15.00,11:00,17:00,6.0,11:00,17:00,6.0,0,6.0,89.38
2026-01-30,EMP-033,Devon Marshall,Barback,12.00,11:00,17:00,6.0,11:00,17:12,5.9,0,5.9,70.53
2026-01-30,EMP-041,Emma Sullivan,Server,5.50,11:00,17:00,6.0,11:00,17:14,6.2,0,6.2,34.03
2026-01-30,EMP-042,Grace Kelley,Server,5.50,11:00,17:00,6.0,11:00,17:08,6.3,0,6.3,34.59
2026-01-30,EMP-047,Kevin Walsh,Lead Bartender,22.00,11:00,17:00,6.0,11:00,17:00,6.3,0,6.3,138.08
2026-01-30,EMP-050,Taylor Quinn,Bartender,13.00,11:00,17:00,6.0,11:05,17:00,5.8,0,5.8,75.94
2026-01-30,EMP-001,Sofia Martinez,Bartender,16.00,16:00,01:00,9.0,16:01,01:00,8.0,0.9,8.9,150.78
2026-01-30,EMP-006,Ryan Okafor,Barback,12.00,16:00,01:00,9.0,16:00,01:00,8.0,1.2,9.2,118.45
2026-01-30,EMP-008,Aisha Williams,Server,5.50,16:00,01:00,9.0,16:00,01:00,8.0,0.9,8.9,51.42
2026-01-30,EMP-010,Katie Brown,Server,5.50,16:00,01:00,9.0,16:03,01:00,8.0,1.3,9.3,54.58
2026-01-30,EMP-015,Becca Thompson,Bartender,16.00,16:00,01:00,9.0,16:04,01:07,8.0,1.2,9.2,157.08
2026-01-30,EMP-018,Cole Jenkins,Bartender,15.00,16:00,01:00,9.0,16:05,01:13,8.0,1.1,9.1,144.94
2026-01-30,EMP-019,Hailey Nguyen,Bartender,14.00,16:00,01:00,9.0,16:00,01:00,8.0,0.9,8.9,130.38
2026-01-30,EMP-020,Logan Scott,Bartender,13.00,16:00,01:00,9.0,16:00,01:10,8.0,1.2,9.2,128.03
2026-01-30,EMP-021,Zoe Henderson,Bartender,14.00,16:00,01:00,9.0,16:05,01:08,8.0,0.9,8.9,131.56
2026-01-30,EMP-029,Jordan Blake,Lead Bartender,20.00,16:00,01:00,9.0,16:00,01:08,8.0,1.1,9.1,194.45
2026-01-30,EMP-033,Devon Marshall,Barback,12.00,16:00,01:00,9.0,16:00,01:01,8.0,1.3,9.3,119.15
2026-01-30,EMP-035,Isaac Bell,Barback,10.50,16:00,01:00,9.0,16:00,01:00,8.0,1.0,9.0,98.98
2026-01-30,EMP-036,Mason Perry,Barback,12.00,16:00,01:00,9.0,16:00,01:10,8.0,1.1,9.1,116.24
2026-01-30,EMP-038,Brandon Long,Barback,13.00,16:00,01:00,9.0,16:01,01:06,8.0,1.0,9.0,123.03
2026-01-30,EMP-042,Grace Kelley,Server,5.50,16:00,01:00,9.0,16:00,01:09,8.0,1.0,9.0,52.37
2026-01-30,EMP-043,Liam Hayes,Server,5.50,16:00,01:00,9.0,16:04,01:00,8.0,1.1,9.1,52.84
2026-01-30,EMP-047,Kevin Walsh,Lead Bartender,22.00,16:00,01:00,9.0,16:05,01:08,8.0,1.1,9.1,212.86
2026-01-30,EMP-001,Sofia Martinez,Bartender,16.00,20:00,02:00,6.0,20:00,02:00,5.8,0,5.8,93.52
2026-01-30,EMP-002,Marcus Rivera,Bartender,15.00,20:00,02:00,6.0,20:01,02:00,6.0,0,6.0,90.72
2026-01-30,EMP-005,Tyler Brooks,Lead Bartender,18.00,20:00,02:00,6.0,20:02,02:11,6.1,0,6.1,109.63
2026-01-30,EMP-006,Ryan Okafor,Barback,12.00,20:00,02:00,6.0,20:00,02:08,5.9,0,5.9,70.87
2026-01-30,EMP-009,Tony Garcia,Server,5.50,20:00,02:00,6.0,20:02,02:00,6.0,0,6.0,32.86
2026-01-30,EMP-017,Megan Russo,Bartender,14.00,20:00,02:00,6.0,20:00,02:02,6.1,0,6.1,84.75
2026-01-30,EMP-018,Cole Jenkins,Bartender,15.00,20:00,02:00,6.0,20:05,02:03,6.0,0,6.0,89.31
2026-01-30,EMP-022,Nate Fitzgerald,Bartender,13.00,20:00,02:00,6.0,20:01,02:00,5.8,0,5.8,75.5
2026-01-30,EMP-023,Kayla Murphy,Bartender,15.00,20:00,02:00,6.0,20:00,02:11,6.2,0,6.2,93.15
2026-01-30,EMP-025,Maddie Turner,Bartender,14.00,20:00,02:00,6.0,20:04,02:08,5.9,0,5.9,82.89
2026-01-30,EMP-027,Lexi Harper,Bartender,12.00,20:00,02:00,6.0,20:05,02:07,6.2,0,6.2,74.57
2026-01-30,EMP-030,Samantha Reed,Lead Bartender,18.00,20:00,02:00,6.0,20:05,02:07,6.3,0,6.3,113.2
2026-01-30,EMP-032,Olivia Price,Lead Bartender,19.00,20:00,02:00,6.0,20:00,02:11,5.9,0,5.9,111.71
2026-01-30,EMP-033,Devon Marshall,Barback,12.00,20:00,02:00,6.0,20:00,02:11,5.9,0,5.9,70.31
2026-01-30,EMP-035,Isaac Bell,Barback,10.50,20:00,02:00,6.0,20:05,02:03,6.2,0,6.2,65.3
2026-01-30,EMP-036,Mason Perry,Barback,12.00,20:00,02:00,6.0,20:00,02:01,5.8,0,5.8,70.16
2026-01-30,EMP-038,Brandon Long,Barback,13.00,20:00,02:00,6.0,20:00,02:15,6.2,0,6.2,80.41
2026-01-30,EMP-039,Paige Ramirez,Server,6.00,20:00,02:00,6.0,20:04,02:12,6.3,0,6.3,37.56
2026-01-30,EMP-040,Noah Foster,Server,5.50,20:00,02:00,6.0,20:01,02:00,6.2,0,6.2,33.94
2026-01-30,EMP-041,Emma Sullivan,Server,5.50,20:00,02:00,6.0,20:02,02:15,6.1,0,6.1,33.64
2026-01-30,EMP-042,Grace Kelley,Server,5.50,20:00,02:00,6.0,20:00,02:15,6.2,0,6.2,34.37
2026-01-30,EMP-043,Liam Hayes,Server,5.50,20:00,02:00,6.0,20:03,02:02,6.2,0,6.2,33.9
2026-01-30,EMP-045,Andre Jackson,Doorman,15.00,20:00,02:00,6.0,20:00,02:00,5.9,0,5.9,89.06
2026-01-30,EMP-050,Taylor Quinn,Bartender,13.00,20:00,02:00,6.0,20:02,02:14,5.9,0,5.9,76.2
2026-01-31,EMP-001,Sofia Martinez,Bartender,16.00,11:00,17:00,6.0,11:00,17:00,5.8,0,5.8,93.54
2026-01-31,EMP-009,Tony Garcia,Server,5.50,11:00,17:00,6.0,11:00,17:07,5.9,0,5.9,32.18
2026-01-31,EMP-022,Nate Fitzgerald,Bartender,13.00,11:00,17:00,6.0,11:01,17:07,6.2,0,6.2,81.18
2026-01-31,EMP-026,Dylan Morales,Bartender,13.00,11:00,17:00,6.0,11:00,17:00,6.3,0,6.3,81.27
2026-01-31,EMP-033,Devon Marshall,Barback,12.00,11:00,17:00,6.0,11:00,17:06,6.0,0,6.0,72.5
2026-01-31,EMP-039,Paige Ramirez,Server,6.00,11:00,17:00,6.0,11:00,17:00,5.9,0,5.9,35.38
2026-01-31,EMP-041,Emma Sullivan,Server,5.50,11:00,17:00,6.0,11:00,17:11,6.1,0,6.1,33.31
2026-01-31,EMP-043,Liam Hayes,Server,5.50,11:00,17:00,6.0,11:00,17:00,6.2,0,6.2,34.37
2026-01-31,EMP-047,Kevin Walsh,Lead Bartender,22.00,11:00,17:00,6.0,11:00,17:02,5.8,0,5.8,128.52
2026-01-31,EMP-049,Ian Doyle,Bartender,14.00,11:00,17:00,6.0,11:00,17:10,5.9,0,5.9,82.59
2026-01-31,EMP-001,Sofia Martinez,Bartender,16.00,16:00,01:00,9.0,16:03,01:15,8.0,0.9,8.9,150.73
2026-01-31,EMP-004,Jake Patterson,Bartender,12.00,16:00,01:00,9.0,16:03,01:07,8.0,1.3,9.3,118.7
2026-01-31,EMP-005,Tyler Brooks,Lead Bartender,18.00,16:00,01:00,9.0,16:00,01:03,8.0,1.3,9.3,178.59
2026-01-31,EMP-006,Ryan Okafor,Barback,12.00,16:00,01:00,9.0,16:04,01:04,8.0,0.9,8.9,111.89
2026-01-31,EMP-009,Tony Garcia,Server,5.50,16:00,01:00,9.0,16:02,01:08,8.0,1.2,9.2,54.24
2026-01-31,EMP-010,Katie Brown,Server,5.50,16:00,01:00,9.0,16:00,01:05,8.0,1.1,9.1,53.17
2026-01-31,EMP-016,Drew Collins,Bartender,15.00,16:00,01:00,9.0,16:04,01:06,8.0,1.0,9.0,142.21
2026-01-31,EMP-018,Cole Jenkins,Bartender,15.00,16:00,01:00,9.0,16:00,01:00,8.0,1.3,9.3,148.78
2026-01-31,EMP-020,Logan Scott,Bartender,13.00,16:00,01:00,9.0,16:01,01:04,8.0,1.1,9.1,125.49
2026-01-31,EMP-024,Trey Adams,Bartender,12.00,16:00,01:00,9.0,16:00,01:00,8.0,1.2,9.2,117.68
2026-01-31,EMP-026,Dylan Morales,Bartender,13.00,16:00,01:00,9.0,16:00,01:06,8.0,0.9,8.9,121.99
2026-01-31,EMP-027,Lexi Harper,Bartender,12.00,16:00,01:00,9.0,16:00,01:06,8.0,0.9,8.9,111.71
2026-01-31,EMP-028,Caleb Stewart,Bartender,15.00,16:00,01:00,9.0,16:00,01:05,8.0,1.1,9.1,145.74
2026-01-31,EMP-030,Samantha Reed,Lead Bartender,18.00,16:00,01:00,9.0,16:04,01:05,8.0,1.2,9.2,177.73
2026-01-31,EMP-033,Devon Marshall,Barback,12.00,16:00,01:00,9.0,16:04,01:01,8.0,1.1,9.1,115.15
2026-01-31,EMP-034,Jalen Cooper,Barback,11.00,16:00,01:00,9.0,16:00,01:14,8.0,1.3,9.3,109.01
2026-01-31,EMP-040,Noah Foster,Server,5.50,16:00,01:00,9.0,16:00,01:01,8.0,0.9,8.9,51.41
2026-01-31,EMP-043,Liam Hayes,Server,5.50,16:00,01:00,9.0,16:00,01:08,8.0,0.9,8.9,51.09
2026-01-31,EMP-047,Kevin Walsh,Lead Bartender,22.00,16:00,01:00,9.0,16:04,01:05,8.0,1.1,9.1,212.15
2026-01-31,EMP-048,Rachel Ellis,Lead Bartender,21.00,16:00,01:00,9.0,16:00,01:04,8.0,0.8,8.8,193.48
2026-01-31,EMP-003,Jasmine Chen,Bartender,15.00,20:00,02:00,6.0,20:02,02:04,5.9,0,5.9,87.98
2026-01-31,EMP-005,Tyler Brooks,Lead Bartender,18.00,20:00,02:00,6.0,20:03,02:11,5.8,0,5.8,104.75
2026-01-31,EMP-007,Ethan Kim,Barback,11.00,20:00,02:00,6.0,20:00,02:08,6.2,0,6.2,67.78
2026-01-31,EMP-009,Tony Garcia,Server,5.50,20:00,02:00,6.0,20:00,02:07,5.8,0,5.8,32.12
2026-01-31,EMP-014,Chris Patel,Doorman,12.00,20:00,02:00,6.0,20:00,02:09,6.0,0,6.0,72.56
2026-01-31,EMP-020,Logan Scott,Bartender,13.00,20:00,02:00,6.0,20:00,02:00,6.2,0,6.2,80.77
2026-01-31,EMP-021,Zoe Henderson,Bartender,14.00,20:00,02:00,6.0,20:00,02:08,5.9,0,5.9,82.78
2026-01-31,EMP-022,Nate Fitzgerald,Bartender,13.00,20:00,02:00,6.0,20:00,02:12,6.3,0,6.3,81.83
2026-01-31,EMP-026,Dylan Morales,Bartender,13.00,20:00,02:00,6.0,20:00,02:00,5.8,0,5.8,75.71
2026-01-31,EMP-027,Lexi Harper,Bartender,12.00,20:00,02:00,6.0,20:00,02:05,6.1,0,6.1,73.73
2026-01-31,EMP-029,Jordan Blake,Lead Bartender,20.00,20:00,02:00,6.0,20:00,02:00,6.1,0,6.1,121.83
2026-01-31,EMP-030,Samantha Reed,Lead Bartender,18.00,20:00,02:00,6.0,20:00,02:00,6.2,0,6.2,111.18
2026-01-31,EMP-034,Jalen Cooper,Barback,11.00,20:00,02:00,6.0,20:02,02:00,6.1,0,6.1,66.67
2026-01-31,EMP-035,Isaac Bell,Barback,10.50,20:00,02:00,6.0,20:02,02:10,6.3,0,6.3,66.03
2026-01-31,EMP-036,Mason Perry,Barback,12.00,20:00,02:00,6.0,20:02,02:02,5.8,0,5.8,70.15
2026-01-31,EMP-039,Paige Ramirez,Server,6.00,20:00,02:00,6.0,20:00,02:15,6.2,0,6.2,37.01
2026-01-31,EMP-040,Noah Foster,Server,5.50,20:00,02:00,6.0,20:00,02:00,6.3,0,6.3,34.57
2026-01-31,EMP-041,Emma Sullivan,Server,5.50,20:00,02:00,6.0,20:00,02:01,6.0,0,6.0,33.19
2026-01-31,EMP-043,Liam Hayes,Server,5.50,20:00,02:00,6.0,20:02,02:00,6.0,0,6.0,32.84
2026-01-31,EMP-047,Kevin Walsh,Lead Bartender,22.00,20:00,02:00,6.0,20:00,02:09,6.1,0,6.1,134.81
2026-01-31,EMP-049,Ian Doyle,Bartender,14.00,20:00,02:00,6.0,20:00,02:02,6.3,0,6.3,87.62
2026-02-01,EMP-007,Ethan Kim,Barback,11.00,11:00,17:00,6.0,11:01,17:01,5.8,0,5.8,64.18
2026-02-01,EMP-019,Hailey Nguyen,Bartender,14.00,11:00,17:00,6.0,11:02,17:00,6.2,0,6.2,86.42
2026-02-01,EMP-020,Logan Scott,Bartender,13.00,11:00,17:00,6.0,11:02,17:00,5.9,0,5.9,77.13
2026-02-01,EMP-028,Caleb Stewart,Bartender,15.00,11:00,17:00,6.0,11:03,17:00,6.0,0,6.0,89.66
2026-02-01,EMP-029,Jordan Blake,Lead Bartender,20.00,11:00,17:00,6.0,11:01,17:11,6.0,0,6.0,120.31
2026-02-01,EMP-038,Brandon Long,Barback,13.00,11:00,17:00,6.0,11:01,17:08,5.9,0,5.9,76.66
2026-02-01,EMP-040,Noah Foster,Server,5.50,11:00,17:00,6.0,11:00,17:14,5.9,0,5.9,32.66
2026-02-01,EMP-047,Kevin Walsh,Lead Bartender,22.00,11:00,17:00,6.0,11:00,17:15,5.9,0,5.9,130.34
2026-02-01,EMP-048,Rachel Ellis,Lead Bartender,21.00,11:00,17:00,6.0,11:00,17:00,6.2,0,6.2,131.2
2026-02-02,EMP-002,Marcus Rivera,Bartender,15.00,11:00,17:00,6.0,11:03,17:00,5.9,0,5.9,89.07
2026-02-02,EMP-015,Becca Thompson,Bartender,16.00,11:00,17:00,6.0,11:00,17:10,5.9,0,5.9,94.45
2026-02-02,EMP-019,Hailey Nguyen,Bartender,14.00,11:00,17:00,6.0,11:04,17:04,6.2,0,6.2,86.34
2026-02-02,EMP-020,Logan Scott,Bartender,13.00,11:00,17:00,6.0,11:03,17:14,6.0,0,6.0,78.5
2026-02-02,EMP-024,Trey Adams,Bartender,12.00,11:00,17:00,6.0,11:00,17:00,5.9,0,5.9,70.6
2026-02-02,EMP-034,Jalen Cooper,Barback,11.00,11:00,17:00,6.0,11:00,17:00,5.9,0,5.9,64.74
2026-02-02,EMP-037,Lucas Ward,Barback,11.00,11:00,17:00,6.0,11:00,17:10,6.1,0,6.1,67.01
2026-02-02,EMP-039,Paige Ramirez,Server,6.00,11:00,17:00,6.0,11:00,17:00,6.2,0,6.2,37.26
2026-02-02,EMP-048,Rachel Ellis,Lead Bartender,21.00,11:00,17:00,6.0,11:00,17:00,5.8,0,5.8,122.85
2026-02-02,EMP-004,Jake Patterson,Bartender,12.00,16:00,01:00,9.0,16:03,01:03,8.0,1.1,9.1,116.37
2026-02-02,EMP-005,Tyler Brooks,Lead Bartender,18.00,16:00,01:00,9.0,16:02,01:00,8.0,1.2,9.2,176.77
2026-02-02,EMP-006,Ryan Okafor,Barback,12.00,16:00,01:00,9.0,16:00,01:11,8.0,1.2,9.2,117.37
2026-02-02,EMP-015,Becca Thompson,Bartender,16.00,16:00,01:00,9.0,16:05,01:11,8.0,1.2,9.2,155.94
2026-02-02,EMP-016,Drew Collins,Bartender,15.00,16:00,01:00,9.0,16:01,01:02,8.0,1.1,9.1,145.42
2026-02-02,EMP-018,Cole Jenkins,Bartender,15.00,16:00,01:00,9.0,16:02,01:00,8.0,0.9,8.9,140.75
2026-02-02,EMP-022,Nate Fitzgerald,Bartender,13.00,16:00,01:00,9.0,16:00,01:01,8.0,1.3,9.3,128.58
2026-02-02,EMP-023,Kayla Murphy,Bartender,15.00,16:00,01:00,9.0,16:00,01:03,8.0,1.2,9.2,147.87
2026-02-02,EMP-031,Matt Donovan,Lead Bartender,17.00,16:00,01:00,9.0,16:05,01:06,8.0,1.2,9.2,167.72
2026-02-02,EMP-032,Olivia Price,Lead Bartender,19.00,16:00,01:00,9.0,16:01,01:03,8.0,1.0,9.0,179.21
2026-02-02,EMP-033,Devon Marshall,Barback,12.00,16:00,01:00,9.0,16:03,01:05,8.0,1.2,9.2,117.91
2026-02-02,EMP-034,Jalen Cooper,Barback,11.00,16:00,01:00,9.0,16:02,01:13,8.0,1.3,9.3,109.19
2026-02-02,EMP-037,Lucas Ward,Barback,11.00,16:00,01:00,9.0,16:00,01:10,8.0,1.3,9.3,108.85
2026-02-02,EMP-038,Brandon Long,Barback,13.00,16:00,01:00,9.0,16:05,01:00,8.0,1.1,9.1,124.7
2026-02-02,EMP-039,Paige Ramirez,Server,6.00,16:00,01:00,9.0,16:03,01:00,8.0,1.0,9.0,56.57
2026-02-02,EMP-041,Emma Sullivan,Server,5.50,16:00,01:00,9.0,16:00,01:00,8.0,1.0,9.0,52.47
2026-02-02,EMP-042,Grace Kelley,Server,5.50,16:00,01:00,9.0,16:04,01:00,8.0,0.8,8.8,50.82
2026-02-02,EMP-043,Liam Hayes,Server,5.50,16:00,01:00,9.0,16:01,01:06,8.0,1.1,9.1,53.32
2026-02-02,EMP-047,Kevin Walsh,Lead Bartender,22.00,16:00,01:00,9.0,16:00,01:00,8.0,1.0,9.0,208.18
2026-02-02,EMP-048,Rachel Ellis,Lead Bartender,21.00,16:00,01:00,9.0,16:03,01:12,8.0,0.9,8.9,195.64
2026-02-02,EMP-049,Ian Doyle,Bartender,14.00,16:00,01:00,9.0,16:00,01:00,8.0,1.3,9.3,139.26
2026-02-02,EMP-050,Taylor Quinn,Bartender,13.00,16:00,01:00,9.0,16:04,01:00,8.0,0.9,8.9,122.44
2026-02-03,EMP-001,Sofia Martinez,Bartender,16.00,11:00,17:00,6.0,11:00,17:02,6.2,0,6.2,99.29
2026-02-03,EMP-008,Aisha Williams,Server,5.50,11:00,17:00,6.0,11:00,17:04,6.1,0,6.1,33.54
2026-02-03,EMP-010,Katie Brown,Server,5.50,11:00,17:00,6.0,11:01,17:05,6.2,0,6.2,34.11
2026-02-03,EMP-015,Becca Thompson,Bartender,16.00,11:00,17:00,6.0,11:00,17:03,5.9,0,5.9,93.89
2026-02-03,EMP-020,Logan Scott,Bartender,13.00,11:00,17:00,6.0,11:04,17:15,6.0,0,6.0,78.4
2026-02-03,EMP-021,Zoe Henderson,Bartender,14.00,11:00,17:00,6.0,11:01,17:00,5.9,0,5.9,82.17
2026-02-03,EMP-034,Jalen Cooper,Barback,11.00,11:00,17:00,6.0,11:03,17:00,6.3,0,6.3,69.07
2026-02-03,EMP-041,Emma Sullivan,Server,5.50,11:00,17:00,6.0,11:03,17:06,5.9,0,5.9,32.25
2026-02-03,EMP-048,Rachel Ellis,Lead Bartender,21.00,11:00,17:00,6.0,11:01,17:00,6.0,0,6.0,126.03
2026-02-03,EMP-049,Ian Doyle,Bartender,14.00,11:00,17:00,6.0,11:03,17:09,6.2,0,6.2,87.07
2026-02-03,EMP-050,Taylor Quinn,Bartender,13.00,11:00,17:00,6.0,11:00,17:15,5.9,0,5.9,76.1
2026-02-03,EMP-007,Ethan Kim,Barback,11.00,16:00,01:00,9.0,16:04,01:11,8.0,1.2,9.2,107.3
2026-02-03,EMP-008,Aisha Williams,Server,5.50,16:00,01:00,9.0,16:00,01:11,8.0,0.9,8.9,51.19
2026-02-03,EMP-017,Megan Russo,Bartender,14.00,16:00,01:00,9.0,16:05,01:15,8.0,1.2,9.2,137.75
2026-02-03,EMP-018,Cole Jenkins,Bartender,15.00,16:00,01:00,9.0,16:00,01:00,8.0,1.2,9.2,147.06
2026-02-03,EMP-020,Logan Scott,Bartender,13.00,16:00,01:00,9.0,16:00,01:00,8.0,0.9,8.9,121.09
2026-02-03,EMP-024,Trey Adams,Bartender,12.00,16:00,01:00,9.0,16:00,01:10,8.0,0.8,8.8,110.62
2026-02-03,EMP-026,Dylan Morales,Bartender,13.00,16:00,01:00,9.0,16:00,01:04,8.0,1.0,9.0,123.54
2026-02-03,EMP-040,Noah Foster,Server,5.50,16:00,01:00,9.0,16:05,01:02,8.0,0.9,8.9,51.3
2026-02-03,EMP-048,Rachel Ellis,Lead Bartender,21.00,16:00,01:00,9.0,16:05,01:00,8.0,1.3,9.3,208.31
2026-02-04,EMP-009,Tony Garcia,Server,5.50,11:00,17:00,6.0,11:01,17:08,5.9,0,5.9,32.31
2026-02-04,EMP-010,Katie Brown,Server,5.50,11:00,17:00,6.0,11:00,17:13,6.0,0,6.0,32.97
2026-02-04,EMP-016,Drew Collins,Bartender,15.00,11:00,17:00,6.0,11:05,17:14,6.0,0,6.0,90.33
2026-02-04,EMP-020,Logan Scott,Bartender,13.00,11:00,17:00,6.0,11:02,17:03,5.8,0,5.8,75.46
2026-02-04,EMP-021,Zoe Henderson,Bartender,14.00,11:00,17:00,6.0,11:03,17:11,5.9,0,5.9,82.68
2026-02-04,EMP-028,Caleb Stewart,Bartender,15.00,11:00,17:00,6.0,11:00,17:06,6.1,0,6.1,91.92
2026-02-04,EMP-033,Devon Marshall,Barback,12.00,11:00,17:00,6.0,11:05,17:04,6.3,0,6.3,75.14
2026-02-04,EMP-034,Jalen Cooper,Barback,11.00,11:00,17:00,6.0,11:05,17:10,6.0,0,6.0,65.87
2026-02-04,EMP-048,Rachel Ellis,Lead Bartender,21.00,11:00,17:00,6.0,11:00,17:13,6.3,0,6.3,131.83
2026-02-04,EMP-003,Jasmine Chen,Bartender,15.00,16:00,01:00,9.0,16:00,01:02,8.0,0.8,8.8,139.09
2026-02-04,EMP-004,Jake Patterson,Bartender,12.00,16:00,01:00,9.0,16:05,01:10,8.0,1.0,9.0,113.31
2026-02-04,EMP-005,Tyler Brooks,Lead Bartender,18.00,16:00,01:00,9.0,16:00,01:00,8.0,1.2,9.2,177.75
2026-02-04,EMP-006,Ryan Okafor,Barback,12.00,16:00,01:00,9.0,16:01,01:08,8.0,1.3,9.3,118.7
2026-02-04,EMP-008,Aisha Williams,Server,5.50,16:00,01:00,9.0,16:00,01:00,8.0,0.8,8.8,50.75
2026-02-04,EMP-015,Becca Thompson,Bartender,16.00,16:00,01:00,9.0,16:05,01:00,8.0,1.3,9.3,158.28
2026-02-04,EMP-016,Drew Collins,Bartender,15.00,16:00,01:00,9.0,16:02,01:07,8.0,0.9,8.9,139.5
2026-02-04,EMP-019,Hailey Nguyen,Bartender,14.00,16:00,01:00,9.0,16:02,01:09,8.0,1.1,9.1,135.93
2026-02-04,EMP-020,Logan Scott,Bartender,13.00,16:00,01:00,9.0,16:00,01:08,8.0,1.2,9.2,127.53
2026-02-04,EMP-022,Nate Fitzgerald,Bartender,13.00,16:00,01:00,9.0,16:04,01:00,8.0,1.1,9.1,125.73
2026-02-04,EMP-025,Maddie Turner,Bartender,14.00,16:00,01:00,9.0,16:00,01:00,8.0,1.0,9.0,132.58
2026-02-04,EMP-028,Caleb Stewart,Bartender,15.00,16:00,01:00,9.0,16:00,01:15,8.0,1.1,9.1,143.94
2026-02-04,EMP-029,Jordan Blake,Lead Bartender,20.00,16:00,01:00,9.0,16:00,01:13,8.0,1.2,9.2,196.41
2026-02-04,EMP-031,Matt Donovan,Lead Bartender,17.00,16:00,01:00,9.0,16:03,01:00,8.0,1.2,9.2,166.62
2026-02-04,EMP-036,Mason Perry,Barback,12.00,16:00,01:00,9.0,16:03,01:04,8.0,0.9,8.9,111.31
2026-02-04,EMP-039,Paige Ramirez,Server,6.00,16:00,01:00,9.0,16:03,01:05,8.0,0.8,8.8,55.3
2026-02-04,EMP-041,Emma Sullivan,Server,5.50,16:00,01:00,9.0,16:00,01:07,8.0,1.2,9.2,53.5
2026-02-04,EMP-043,Liam Hayes,Server,5.50,16:00,01:00,9.0,16:00,01:04,8.0,0.8,8.8,50.91
2026-02-04,EMP-003,Jasmine Chen,Bartender,15.00,20:00,02:00,6.0,20:00,02:13,6.0,0,6.0,90.53
2026-02-04,EMP-005,Tyler Brooks,Lead Bartender,18.00,20:00,02:00,6.0,20:00,02:00,6.0,0,6.0,107.44
2026-02-04,EMP-006,Ryan Okafor,Barback,12.00,20:00,02:00,6.0,20:00,02:00,5.9,0,5.9,70.44
2026-02-04,EMP-016,Drew Collins,Bartender,15.00,20:00,02:00,6.0,20:00,02:13,6.3,0,6.3,93.78
2026-02-04,EMP-019,Hailey Nguyen,Bartender,14.00,20:00,02:00,6.0,20:00,02:08,6.1,0,6.1,85.39
2026-02-04,EMP-021,Zoe Henderson,Bartender,14.00,20:00,02:00,6.0,20:03,02:10,6.3,0,6.3,87.83
2026-02-04,EMP-022,Nate Fitzgerald,Bartender,13.00,20:00,02:00,6.0,20:00,02:00,5.8,0,5.8,75.63
2026-02-04,EMP-027,Lexi Harper,Bartender,12.00,20:00,02:00,6.0,20:00,02:00,6.3,0,6.3,75.19
2026-02-04,EMP-028,Caleb Stewart,Bartender,15.00,20:00,02:00,6.0,20:00,02:12,6.1,0,6.1,91.56
2026-02-04,EMP-031,Matt Donovan,Lead Bartender,17.00,20:00,02:00,6.0,20:02,02:00,6.0,0,6.0,101.89
2026-02-04,EMP-033,Devon Marshall,Barback,12.00,20:00,02:00,6.0,20:01,02:12,5.9,0,5.9,70.43
2026-02-04,EMP-039,Paige Ramirez,Server,6.00,20:00,02:00,6.0,20:01,02:00,5.9,0,5.9,35.51
2026-02-04,EMP-040,Noah Foster,Server,5.50,20:00,02:00,6.0,20:00,02:02,6.0,0,6.0,33.04
2026-02-04,EMP-046,Terrence Boyd,Doorman,11.00,20:00,02:00,6.0,20:00,02:02,6.2,0,6.2,68.27
2026-02-04,EMP-047,Kevin Walsh,Lead Bartender,22.00,20:00,02:00,6.0,20:00,02:09,5.9,0,5.9,129.59
2026-02-04,EMP-048,Rachel Ellis,Lead Bartender,21.00,20:00,02:00,6.0,20:00,02:14,6.1,0,6.1,128.68
2026-02-04,EMP-050,Taylor Quinn,Bartender,13.00,20:00,02:00,6.0,20:00,02:00,6.1,0,6.1,79.34
2026-02-05,EMP-004,Jake Patterson,Bartender,12.00,11:00,17:00,6.0,11:00,17:00,5.9,0,5.9,71.1
2026-02-05,EMP-019,Hailey Nguyen,Bartender,14.00,11:00,17:00,6.0,11:00,17:06,6.2,0,6.2,86.66
2026-02-05,EMP-020,Logan Scott,Bartender,13.00,11:00,17:00,6.0,11:05,17:02,6.1,0,6.1,78.82
2026-02-05,EMP-021,Zoe Henderson,Bartender,14.00,11:00,17:00,6.0,11:03,17:11,5.9,0,5.9,81.93
2026-02-05,EMP-028,Caleb Stewart,Bartender,15.00,11:00,17:00,6.0,11:00,17:11,5.9,0,5.9,88.73
2026-02-05,EMP-031,Matt Donovan,Lead Bartender,17.00,11:00,17:00,6.0,11:00,17:00,5.8,0,5.8,98.9
2026-02-05,EMP-033,Devon Marshall,Barback,12.00,11:00,17:00,6.0,11:02,17:15,6.2,0,6.2,74.19
2026-02-05,EMP-037,Lucas Ward,Barback,11.00,11:00,17:00,6.0,11:00,17:03,5.9,0,5.9,65.33
2026-02-05,EMP-040,Noah Foster,Server,5.50,11:00,17:00,6.0,11:00,17:14,6.0,0,6.0,32.96
2026-02-05,EMP-042,Grace Kelley,Server,5.50,11:00,17:00,6.0,11:01,17:07,6.0,0,6.0,33.12
2026-02-05,EMP-047,Kevin Walsh,Lead Bartender,22.00,11:00,17:00,6.0,11:01,17:00,6.1,0,6.1,134.86
2026-02-05,EMP-002,Marcus Rivera,Bartender,15.00,16:00,01:00,9.0,16:00,01:00,8.0,1.3,9.3,148.24
2026-02-05,EMP-004,Jake Patterson,Bartender,12.00,16:00,01:00,9.0,16:00,01:13,8.0,0.9,8.9,112.35
2026-02-05,EMP-005,Tyler Brooks,Lead Bartender,18.00,16:00,01:00,9.0,16:04,01:08,8.0,1.2,9.2,177.29
2026-02-05,EMP-017,Megan Russo,Bartender,14.00,16:00,01:00,9.0,16:03,01:09,8.0,1.0,9.0,133.25
2026-02-05,EMP-020,Logan Scott,Bartender,13.00,16:00,01:00,9.0,16:01,01:09,8.0,1.2,9.2,126.87
2026-02-05,EMP-022,Nate Fitzgerald,Bartender,13.00,16:00,01:00,9.0,16:00,01:03,8.0,1.2,9.2,127.4
2026-02-05,EMP-024,Trey Adams,Bartender,12.00,16:00,01:00,9.0,16:00,01:12,8.0,0.9,8.9,113.06
2026-02-05,EMP-026,Dylan Morales,Bartender,13.00,16:00,01:00,9.0,16:00,01:06,8.0,0.9,8.9,122.22
2026-02-05,EMP-027,Lexi Harper,Bartender,12.00,16:00,01:00,9.0,16:05,01:14,8.0,0.8,8.8,110.51
2026-02-05,EMP-028,Caleb Stewart,Bartender,15.00,16:00,01:00,9.0,16:05,01:05,8.0,1.2,9.2,147.4
2026-02-05,EMP-031,Matt Donovan,Lead Bartender,17.00,16:00,01:00,9.0,16:00,01:09,8.0,0.8,8.8,156.87
2026-02-05,EMP-032,Olivia Price,Lead Bartender,19.00,16:00,01:00,9.0,16:05,01:12,8.0,0.9,8.9,177.9
2026-02-05,EMP-033,Devon Marshall,Barback,12.00,16:00,01:00,9.0,16:00,01:03,8.0,1.2,9.2,118.47
2026-02-05,EMP-038,Brandon Long,Barback,13.00,16:00,01:00,9.0,16:00,01:03,8.0,1.2,9.2,128.07
2026-02-05,EMP-039,Paige Ramirez,Server,6.00,16:00,01:00,9.0,16:05,01:00,8.0,0.9,8.9,55.86
2026-02-05,EMP-042,Grace Kelley,Server,5.50,16:00,01:00,9.0,16:00,01:15,8.0,0.8,8.8,50.76
2026-02-05,EMP-050,Taylor Quinn,Bartender,13.00,16:00,01:00,9.0,16:00,01:00,8.0,1.3,9.3,128.88
2026-02-05,EMP-003,Jasmine Chen,Bartender,15.00,20:00,02:00,6.0,20:00,02:12,6.2,0,6.2,92.39
2026-02-05,EMP-005,Tyler Brooks,Lead Bartender,18.00,20:00,02:00,6.0,20:00,02:11,6.0,0,6.0,108.39
2026-02-05,EMP-007,Ethan Kim,Barback,11.00,20:00,02:00,6.0,20:00,02:13,6.0,0,6.0,65.84
2026-02-05,EMP-014,Chris Patel,Doorman,12.00,20:00,02:00,6.0,20:00,02:14,6.2,0,6.2,74.33
2026-02-05,EMP-015,Becca Thompson,Bartender,16.00,20:00,02:00,6.0,20:01,02:15,6.0,0,6.0,95.8
2026-02-05,EMP-017,Megan Russo,Bartender,14.00,20:00,02:00,6.0,20:00,02:00,6.0,0,6.0,83.78
2026-02-05,EMP-018,Cole Jenkins,Bartender,15.00,20:00,02:00,6.0,20:00,02:13,5.8,0,5.8,87.19
2026-02-05,EMP-025,Maddie Turner,Bartender,14.00,20:00,02:00,6.0,20:00,02:07,6.2,0,6.2,87.02
2026-02-05,EMP-026,Dylan Morales,Bartender,13.00,20:00,02:00,6.0,20:00,02:07,6.2,0,6.2,80.36
2026-02-05,EMP-037,Lucas Ward,Barback,11.00,20:00,02:00,6.0,20:03,02:00,6.1,0,6.1,67.14
2026-02-05,EMP-040,Noah Foster,Server,5.50,20:00,02:00,6.0,20:00,02:13,5.9,0,5.9,32.71
2026-02-05,EMP-042,Grace Kelley,Server,5.50,20:00,02:00,6.0,20:00,02:06,5.9,0,5.9,32.53
2026-02-05,EMP-043,Liam Hayes,Server,5.50,20:00,02:00,6.0,20:00,02:02,6.0,0,6.0,33.12
2026-02-05,EMP-046,Terrence Boyd,Doorman,11.00,20:00,02:00,6.0,20:03,02:11,5.8,0,5.8,64.22
2026-02-05,EMP-050,Taylor Quinn,Bartender,13.00,20:00,02:00,6.0,20:01,02:02,6.1,0,6.1,79.1
2026-02-06,EMP-008,Aisha Williams,Server,5.50,11:00,17:00,6.0,11:03,17:02,6.2,0,6.2,34.04
2026-02-06,EMP-015,Becca Thompson,Bartender,16.00,11:00,17:00,6.0,11:00,17:04,6.0,0,6.0,95.53
2026-02-06,EMP-019,Hailey Nguyen,Bartender,14.00,11:00,17:00,6.0,11:01,17:08,6.1,0,6.1,84.74
2026-02-06,EMP-021,Zoe Henderson,Bartender,14.00,11:00,17:00,6.0,11:02,17:15,6.2,0,6.2,87.37
2026-02-06,EMP-023,Kayla Murphy,Bartender,15.00,11:00,17:00,6.0,11:00,17:09,5.8,0,5.8,87.12
2026-02-06,EMP-024,Trey Adams,Bartender,12.00,11:00,17:00,6.0,11:00,17:12,6.2,0,6.2,73.87
2026-02-06,EMP-028,Caleb Stewart,Bartender,15.00,11:00,17:00,6.0,11:00,17:08,5.8,0,5.8,87.18
2026-02-06,EMP-029,Jordan Blake,Lead Bartender,20.00,11:00,17:00,6.0,11:00,17:00,6.1,0,6.1,121.15
2026-02-06,EMP-038,Brandon Long,Barback,13.00,11:00,17:00,6.0,11:01,17:06,5.9,0,5.9,76.23
2026-02-06,EMP-041,Emma Sullivan,Server,5.50,11:00,17:00,6.0,11:00,17:00,6.0,0,6.0,32.83
2026-02-06,EMP-047,Kevin Walsh,Lead Bartender,22.00,11:00,17:00,6.0,11:04,17:14,5.9,0,5.9,128.79
2026-02-06,EMP-050,Taylor Quinn,Bartender,13.00,11:00,17:00,6.0,11:00,17:09,6.3,0,6.3,81.32
2026-02-06,EMP-003,Jasmine Chen,Bartender,15.00,16:00,01:00,9.0,16:02,01:00,8.0,1.2,9.2,146.25
2026-02-06,EMP-008,Aisha Williams,Server,5.50,16:00,01:00,9.0,16:00,01:00,8.0,1.1,9.1,53.05
2026-02-06,EMP-009,Tony Garcia,Server,5.50,16:00,01:00,9.0,16:05,01:09,8.0,1.0,9.0,52.16
2026-02-06,EMP-010,Katie Brown,Server,5.50,16:00,01:00,9.0,16:03,01:13,8.0,0.9,8.9,51.75
2026-02-06,EMP-016,Drew Collins,Bartender,15.00,16:00,01:00,9.0,16:02,01:05,8.0,0.8,8.8,138.54
2026-02-06,EMP-017,Megan Russo,Bartender,14.00,16:00,01:00,9.0,16:03,01:13,8.0,1.1,9.1,134.14
2026-02-06,EMP-019,Hailey Nguyen,Bartender,14.00,16:00,01:00,9.0,16:01,01:05,8.0,1.2,9.2,136.75
2026-02-06,EMP-021,Zoe Henderson,Bartender,14.00,16:00,01:00,9.0,16:00,01:08,8.0,1.1,9.1,134.25
2026-02-06,EMP-024,Trey Adams,Bartender,12.00,16:00,01:00,9.0,16:00,01:00,8.0,0.9,8.9,111.47
2026-02-06,EMP-025,Maddie Turner,Bartender,14.00,16:00,01:00,9.0,16:02,01:02,8.0,1.2,9.2,138.1
2026-02-06,EMP-026,Dylan Morales,Bartender,13.00,16:00,01:00,9.0,16:00,01:14,8.0,1.2,9.2,126.95
2026-02-06,EMP-029,Jordan Blake,Lead Bartender,20.00,16:00,01:00,9.0,16:00,01:12,8.0,1.2,9.2,196.58
2026-02-06,EMP-032,Olivia Price,Lead Bartender,19.00,16:00,01:00,9.0,16:00,01:12,8.0,1.1,9.1,182.47
2026-02-06,EMP-033,Devon Marshall,Barback,12.00,16:00,01:00,9.0,16:02,01:00,8.0,1.0,9.0,113.73
2026-02-06,EMP-034,Jalen Cooper,Barback,11.00,16:00,01:00,9.0,16:04,01:08,8.0,1.2,9.2,107.24
2026-02-06,EMP-038,Brandon Long,Barback,13.00,16:00,01:00,9.0,16:00,01:00,8.0,1.0,9.0,123.93
2026-02-06,EMP-039,Paige Ramirez,Server,6.00,16:00,01:00,9.0,16:00,01:00,8.0,1.2,9.2,59.09
2026-02-06,EMP-042,Grace Kelley,Server,5.50,16:00,01:00,9.0,16:00,01:00,8.0,1.2,9.2,53.67
2026-02-06,EMP-043,Liam Hayes,Server,5.50,16:00,01:00,9.0,16:00,01:05,8.0,0.9,8.9,51.25
2026-02-06,EMP-047,Kevin Walsh,Lead Bartender,22.00,16:00,01:00,9.0,16:02,01:15,8.0,1.2,9.2,214.54
2026-02-06,EMP-049,Ian Doyle,Bartender,14.00,16:00,01:00,9.0,16:00,01:00,8.0,1.0,9.0,133.35
2026-02-06,EMP-002,Marcus Rivera,Bartender,15.00,20:00,02:00,6.0,20:03,02:15,5.8,0,5.8,87.27
2026-02-06,EMP-004,Jake Patterson,Bartender,12.00,20:00,02:00,6.0,20:00,02:13,6.0,0,6.0,71.86
2026-02-06,EMP-007,Ethan Kim,Barback,11.00,20:00,02:00,6.0,20:00,02:10,6.2,0,6.2,68.28
2026-02-06,EMP-009,Tony Garcia,Server,5.50,20:00,02:00,6.0,20:00,02:15,6.2,0,6.2,34.31
2026-02-06,EMP-015,Becca Thompson,Bartender,16.00,20:00,02:00,6.0,20:00,02:10,6.1,0,6.1,97.26
2026-02-06,EMP-016,Drew Collins,Bartender,15.00,20:00,02:00,6.0,20:00,02:00,6.0,0,6.0,90.14
2026-02-06,EMP-017,Megan Russo,Bartender,14.00,20:00,02:00,6.0,20:01,02:15,6.1,0,6.1,85.29
2026-02-06,EMP-021,Zoe Henderson,Bartender,14.00,20:00,02:00,6.0,20:00,02:02,6.2,0,6.2,87.33
2026-02-06,EMP-027,Lexi Harper,Bartender,12.00,20:00,02:00,6.0,20:00,02:00,6.3,0,6.3,75.38
2026-02-06,EMP-030,Samantha Reed,Lead Bartender,18.00,20:00,02:00,6.0,20:02,02:05,5.9,0,5.9,106.63
2026-02-06,EMP-032,Olivia Price,Lead Bartender,19.00,20:00,02:00,6.0,20:00,02:09,6.3,0,6.3,119.28
2026-02-06,EMP-034,Jalen Cooper,Barback,11.00,20:00,02:00,6.0,20:01,02:00,6.2,0,6.2,68.06
2026-02-06,EMP-039,Paige Ramirez,Server,6.00,20:00,02:00,6.0,20:00,02:00,5.9,0,5.9,35.67
2026-02-06,EMP-043,Liam Hayes,Server,5.50,20:00,02:00,6.0,20:00,02:03,6.1,0,6.1,33.76
2026-02-06,EMP-044,Marcus Green,Doorman,13.00,20:00,02:00,6.0,20:02,02:08,6.0,0,6.0,77.99
2026-02-06,EMP-046,Terrence Boyd,Doorman,11.00,20:00,02:00,6.0,20:00,02:05,6.1,0,6.1,67.3
2026-02-06,EMP-047,Kevin Walsh,Lead Bartender,22.00,20:00,02:00,6.0,20:02,02:08,5.9,0,5.9,130.03
2026-02-07,EMP-001,Sofia Martinez,Bartender,16.00,11:00,17:00,6.0,11:04,17:14,6.0,0,6.0,95.44
2026-02-07,EMP-009,Tony Garcia,Server,5.50,11:00,17:00,6.0,11:00,17:07,5.8,0,5.8,32.15
2026-02-07,EMP-024,Trey Adams,Bartender,12.00,11:00,17:00,6.0,11:00,17:00,6.2,0,6.2,74.63
2026-02-07,EMP-029,Jordan Blake,Lead Bartender,20.00,11:00,17:00,6.0,11:00,17:06,6.0,0,6.0,119.32
2026-02-07,EMP-032,Olivia Price,Lead Bartender,19.00,11:00,17:00,6.0,11:00,17:00,5.8,0,5.8,110.54
2026-02-07,EMP-033,Devon Marshall,Barback,12.00,11:00,17:00,6.0,11:03,17:00,6.1,0,6.1,72.61
2026-02-07,EMP-038,Brandon Long,Barback,13.00,11:00,17:00,6.0,11:00,17:04,5.8,0,5.8,75.56
2026-02-07,EMP-043,Liam Hayes,Server,5.50,11:00,17:00,6.0,11:00,17:07,6.1,0,6.1,33.7
2026-02-07,EMP-047,Kevin Walsh,Lead Bartender,22.00,11:00,17:00,6.0,11:00,17:00,5.8,0,5.8,128.44
2026-02-07,EMP-003,Jasmine Chen,Bartender,15.00,16:00,01:00,9.0,16:03,01:14,8.0,1.3,9.3,148.34
2026-02-07,EMP-004,Jake Patterson,Bartender,12.00,16:00,01:00,9.0,16:04,01:07,8.0,0.9,8.9,112.15
2026-02-07,EMP-006,Ryan Okafor,Barback,12.00,16:00,01:00,9.0,16:00,01:08,8.0,1.1,9.1,115.01
2026-02-07,EMP-009,Tony Garcia,Server,5.50,16:00,01:00,9.0,16:00,01:09,8.0,0.9,8.9,51.44
2026-02-07,EMP-010,Katie Brown,Server,5.50,16:00,01:00,9.0,16:05,01:13,8.0,1.0,9.0,52.54
2026-02-07,EMP-015,Becca Thompson,Bartender,16.00,16:00,01:00,9.0,16:00,01:02,8.0,1.3,9.3,158.8
2026-02-07,EMP-017,Megan Russo,Bartender,14.00,16:00,01:00,9.0,16:03,01:11,8.0,0.9,8.9,131.37
2026-02-07,EMP-018,Cole Jenkins,Bartender,15.00,16:00,01:00,9.0,16:02,01:07,8.0,1.3,9.3,148.7
2026-02-07,EMP-022,Nate Fitzgerald,Bartender,13.00,16:00,01:00,9.0,16:04,01:00,8.0,1.0,9.0,123.47
2026-02-07,EMP-023,Kayla Murphy,Bartender,15.00,16:00,01:00,9.0,16:00,01:10,8.0,1.1,9.1,144.34
2026-02-07,EMP-026,Dylan Morales,Bartender,13.00,16:00,01:00,9.0,16:05,01:00,8.0,0.8,8.8,120.53
2026-02-07,EMP-027,Lexi Harper,Bartender,12.00,16:00,01:00,9.0,16:02,01:13,8.0,0.9,8.9,112.65
2026-02-07,EMP-028,Caleb Stewart,Bartender,15.00,16:00,01:00,9.0,16:04,01:10,8.0,1.1,9.1,143.89
2026-02-07,EMP-032,Olivia Price,Lead Bartender,19.00,16:00,01:00,9.0,16:02,01:03,8.0,1.0,9.0,180.67
2026-02-07,EMP-035,Isaac Bell,Barback,10.50,16:00,01:00,9.0,16:04,01:14,8.0,1.0,9.0,99.8
2026-02-07,EMP-036,Mason Perry,Barback,12.00,16:00,01:00,9.0,16:00,01:12,8.0,1.2,9.2,117.55
2026-02-07,EMP-038,Brandon Long,Barback,13.00,16:00,01:00,9.0,16:05,01:02,8.0,1.0,9.0,122.74
2026-02-07,EMP-040,Noah Foster,Server,5.50,16:00,01:00,9.0,16:00,01:00,8.0,1.0,9.0,52.36
2026-02-07,EMP-041,Emma Sullivan,Server,5.50,16:00,01:00,9.0,16:00,01:00,8.0,0.9,8.9,51.27
2026-02-07,EMP-047,Kevin Walsh,Lead Bartender,22.00,16:00,01:00,9.0,16:02,01:00,8.0,0.8,8.8,203.04
2026-02-07,EMP-048,Rachel Ellis,Lead Bartender,21.00,16:00,01:00,9.0,16:00,01:15,8.0,1.2,9.2,205.85
2026-02-07,EMP-049,Ian Doyle,Bartender,14.00,16:00,01:00,9.0,16:03,01:08,8.0,1.0,9.0,132.99
2026-02-07,EMP-001,Sofia Martinez,Bartender,16.00,20:00,02:00,6.0,20:01,02:04,6.2,0,6.2,98.56
2026-02-07,EMP-004,Jake Patterson,Bartender,12.00,20:00,02:00,6.0,20:00,02:14,6.2,0,6.2,74.94
2026-02-07,EMP-006,Ryan Okafor,Barback,12.00,20:00,02:00,6.0,20:00,02:11,6.1,0,6.1,73.71
2026-02-07,EMP-010,Katie Brown,Server,5.50,20:00,02:00,6.0,20:04,02:03,6.0,0,6.0,33.2
2026-02-07,EMP-013,Darius Washington,Doorman,14.00,20:00,02:00,6.0,20:00,02:00,5.9,0,5.9,82.35
2026-02-07,EMP-016,Drew Collins,Bartender,15.00,20:00,02:00,6.0,20:00,02:00,6.0,0,6.0,90.53
2026-02-07,EMP-018,Cole Jenkins,Bartender,15.00,20:00,02:00,6.0,20:00,02:01,6.1,0,6.1,92.21
2026-02-07,EMP-021,Zoe Henderson,Bartender,14.00,20:00,02:00,6.0,20:00,02:14,6.0,0,6.0,84.48
2026-02-07,EMP-022,Nate Fitzgerald,Bartender,13.00,20:00,02:00,6.0,20:00,02:15,6.1,0,6.1,79.03
2026-02-07,EMP-023,Kayla Murphy,Bartender,15.00,20:00,02:00,6.0,20:05,02:00,6.3,0,6.3,93.96
2026-02-07,EMP-024,Trey Adams,Bartender,12.00,20:00,02:00,6.0,20:01,02:13,6.2,0,6.2,73.98
2026-02-07,EMP-026,Dylan Morales,Bartender,13.00,20:00,02:00,6.0,20:01,02:03,6.1,0,6.1,79.05
2026-02-07,EMP-028,Caleb Stewart,Bartender,15.00,20:00,02:00,6.0,20:04,02:00,5.9,0,5.9,87.77
2026-02-07,EMP-029,Jordan Blake,Lead Bartender,20.00,20:00,02:00,6.0,20:00,02:03,6.1,0,6.1,121.64
2026-02-07,EMP-030,Samantha Reed,Lead Bartender,18.00,20:00,02:00,6.0,20:03,02:13,6.1,0,6.1,110.2
2026-02-07,EMP-032,Olivia Price,Lead Bartender,19.00,20:00,02:00,6.0,20:04,02:13,6.1,0,6.1,115.95
2026-02-07,EMP-037,Lucas Ward,Barback,11.00,20:00,02:00,6.0,20:00,02:02,6.3,0,6.3,69.24
2026-02-07,EMP-038,Brandon Long,Barback,13.00,20:00,02:00,6.0,20:04,02:00,5.9,0,5.9,76.33
2026-02-07,EMP-040,Noah Foster,Server,5.50,20:00,02:00,6.0,20:00,02:00,5.9,0,5.9,32.28
2026-02-07,EMP-043,Liam Hayes,Server,5.50,20:00,02:00,6.0,20:02,02:05,6.0,0,6.0,32.73
2026-02-07,EMP-045,Andre Jackson,Doorman,15.00,20:00,02:00,6.0,20:01,02:07,6.2,0,6.2,92.8
2026-02-07,EMP-047,Kevin Walsh,Lead Bartender,22.00,20:00,02:00,6.0,20:03,02:05,6.1,0,6.1,133.44
2026-02-08,EMP-024,Trey Adams,Bartender,12.00,11:00,17:00,6.0,11:00,17:09,6.2,0,6.2,74.22
2026-02-08,EMP-038,Brandon Long,Barback,13.00,11:00,17:00,6.0,11:00,17:00,6.3,0,6.3,81.47
2026-02-08,EMP-041,Emma Sullivan,Server,5.50,11:00,17:00,6.0,11:00,17:11,5.9,0,5.9,32.44
2026-02-09,EMP-004,Jake Patterson,Bartender,12.00,11:00,17:00,6.0,11:00,17:00,6.1,0,6.1,73.48
2026-02-09,EMP-016,Drew Collins,Bartender,15.00,11:00,17:00,6.0,11:00,17:13,6.2,0,6.2,93.17
2026-02-09,EMP-031,Matt Donovan,Lead Bartender,17.00,11:00,17:00,6.0,11:00,17:14,6.2,0,6.2,106.2
2026-02-09,EMP-033,Devon Marshall,Barback,12.00,11:00,17:00,6.0,11:00,17:00,5.8,0,5.8,70.1
2026-02-09,EMP-035,Isaac Bell,Barback,10.50,11:00,17:00,6.0,11:02,17:15,6.2,0,6.2,64.63
2026-02-09,EMP-039,Paige Ramirez,Server,6.00,11:00,17:00,6.0,11:00,17:15,6.1,0,6.1,36.64
2026-02-09,EMP-041,Emma Sullivan,Server,5.50,11:00,17:00,6.0,11:05,17:05,6.2,0,6.2,34.37
2026-02-09,EMP-042,Grace Kelley,Server,5.50,11:00,17:00,6.0,11:04,17:06,6.1,0,6.1,33.32
2026-02-09,EMP-050,Taylor Quinn,Bartender,13.00,11:00,17:00,6.0,11:03,17:00,6.2,0,6.2,80.14
2026-02-09,EMP-002,Marcus Rivera,Bartender,15.00,16:00,01:00,9.0,16:02,01:00,8.0,0.9,8.9,141.1
2026-02-09,EMP-004,Jake Patterson,Bartender,12.00,16:00,01:00,9.0,16:03,01:08,8.0,0.9,8.9,111.96
2026-02-09,EMP-008,Aisha Williams,Server,5.50,16:00,01:00,9.0,16:00,01:12,8.0,1.0,9.0,52.05
2026-02-09,EMP-009,Tony Garcia,Server,5.50,16:00,01:00,9.0,16:04,01:00,8.0,1.1,9.1,52.94
2026-02-09,EMP-015,Becca Thompson,Bartender,16.00,16:00,01:00,9.0,16:00,01:00,8.0,1.2,9.2,155.95
2026-02-09,EMP-016,Drew Collins,Bartender,15.00,16:00,01:00,9.0,16:04,01:15,8.0,1.3,9.3,148.86
2026-02-09,EMP-020,Logan Scott,Bartender,13.00,16:00,01:00,9.0,16:00,01:09,8.0,0.8,8.8,120.39
2026-02-09,EMP-023,Kayla Murphy,Bartender,15.00,16:00,01:00,9.0,16:05,01:15,8.0,1.3,9.3,148.6
2026-02-09,EMP-028,Caleb Stewart,Bartender,15.00,16:00,01:00,9.0,16:01,01:04,8.0,0.9,8.9,140.0
2026-02-09,EMP-029,Jordan Blake,Lead Bartender,20.00,16:00,01:00,9.0,16:00,01:08,8.0,0.9,8.9,187.39
2026-02-09,EMP-031,Matt Donovan,Lead Bartender,17.00,16:00,01:00,9.0,16:00,01:00,8.0,1.3,9.3,168.89
2026-02-09,EMP-032,Olivia Price,Lead Bartender,19.00,16:00,01:00,9.0,16:02,01:03,8.0,0.8,8.8,176.12
2026-02-09,EMP-033,Devon Marshall,Barback,12.00,16:00,01:00,9.0,16:00,01:06,8.0,1.2,9.2,117.35
2026-02-09,EMP-038,Brandon Long,Barback,13.00,16:00,01:00,9.0,16:04,01:07,8.0,0.9,8.9,121.12
2026-02-09,EMP-048,Rachel Ellis,Lead Bartender,21.00,16:00,01:00,9.0,16:00,01:11,8.0,1.1,9.1,201.89
2026-02-09,EMP-050,Taylor Quinn,Bartender,13.00,16:00,01:00,9.0,16:03,01:01,8.0,0.9,8.9,122.12
2026-02-10,EMP-002,Marcus Rivera,Bartender,15.00,11:00,17:00,6.0,11:00,17:11,6.1,0,6.1,91.94
2026-02-10,EMP-004,Jake Patterson,Bartender,12.00,11:00,17:00,6.0,11:00,17:09,6.1,0,6.1,73.12
2026-02-10,EMP-015,Becca Thompson,Bartender,16.00,11:00,17:00,6.0,11:00,17:15,6.0,0,6.0,95.67
2026-02-10,EMP-019,Hailey Nguyen,Bartender,14.00,11:00,17:00,6.0,11:02,17:05,6.0,0,6.0,83.56
2026-02-10,EMP-021,Zoe Henderson,Bartender,14.00,11:00,17:00,6.0,11:00,17:04,5.9,0,5.9,82.34
2026-02-10,EMP-034,Jalen Cooper,Barback,11.00,11:00,17:00,6.0,11:00,17:14,6.0,0,6.0,65.66
2026-02-10,EMP-002,Marcus Rivera,Bartender,15.00,16:00,01:00,9.0,16:03,01:00,8.0,1.3,9.3,148.38
2026-02-10,EMP-007,Ethan Kim,Barback,11.00,16:00,01:00,9.0,16:04,01:00,8.0,0.9,8.9,102.27
2026-02-10,EMP-008,Aisha Williams,Server,5.50,16:00,01:00,9.0,16:00,01:00,8.0,1.0,9.0,51.88
2026-02-10,EMP-018,Cole Jenkins,Bartender,15.00,16:00,01:00,9.0,16:00,01:00,8.0,0.9,8.9,140.25
2026-02-10,EMP-019,Hailey Nguyen,Bartender,14.00,16:00,01:00,9.0,16:00,01:00,8.0,0.9,8.9,130.74
2026-02-10,EMP-024,Trey Adams,Bartender,12.00,16:00,01:00,9.0,16:03,01:06,8.0,0.8,8.8,110.44
2026-02-10,EMP-025,Maddie Turner,Bartender,14.00,16:00,01:00,9.0,16:00,01:10,8.0,1.1,9.1,134.57
2026-02-10,EMP-026,Dylan Morales,Bartender,13.00,16:00,01:00,9.0,16:00,01:10,8.0,1.1,9.1,126.12
2026-02-10,EMP-031,Matt Donovan,Lead Bartender,17.00,16:00,01:00,9.0,16:00,01:05,8.0,1.2,9.2,166.13
2026-02-10,EMP-033,Devon Marshall,Barback,12.00,16:00,01:00,9.0,16:00,01:04,8.0,1.2,9.2,117.78
2026-02-10,EMP-036,Mason Perry,Barback,12.00,16:00,01:00,9.0,16:00,01:06,8.0,1.0,9.0,114.79
2026-02-10,EMP-040,Noah Foster,Server,5.50,16:00,01:00,9.0,16:04,01:00,8.0,1.2,9.2,53.77
2026-02-10,EMP-041,Emma Sullivan,Server,5.50,16:00,01:00,9.0,16:00,01:11,8.0,1.2,9.2,54.0
2026-02-10,EMP-050,Taylor Quinn,Bartender,13.00,16:00,01:00,9.0,16:00,01:00,8.0,0.9,8.9,121.66
2026-02-11,EMP-015,Becca Thompson,Bartender,16.00,11:00,17:00,6.0,11:01,17:10,5.8,0,5.8,93.08
2026-02-11,EMP-019,Hailey Nguyen,Bartender,14.00,11:00,17:00,6.0,11:05,17:11,6.2,0,6.2,87.04
2026-02-11,EMP-021,Zoe Henderson,Bartender,14.00,11:00,17:00,6.0,11:05,17:00,6.1,0,6.1,85.79
2026-02-11,EMP-027,Lexi Harper,Bartender,12.00,11:00,17:00,6.0,11:00,17:13,6.1,0,6.1,72.64
2026-02-11,EMP-029,Jordan Blake,Lead Bartender,20.00,11:00,17:00,6.0,11:05,17:07,6.0,0,6.0,120.22
2026-02-11,EMP-030,Samantha Reed,Lead Bartender,18.00,11:00,17:00,6.0,11:01,17:03,6.2,0,6.2,111.08
2026-02-11,EMP-031,Matt Donovan,Lead Bartender,17.00,11:00,17:00,6.0,11:02,17:11,6.0,0,6.0,101.77
2026-02-11,EMP-050,Taylor Quinn,Bartender,13.00,11:00,17:00,6.0,11:00,17:13,5.9,0,5.9,77.08
2026-02-11,EMP-006,Ryan Okafor,Barback,12.00,16:00,01:00,9.0,16:02,01:09,8.0,1.0,9.0,113.7
2026-02-11,EMP-010,Katie Brown,Server,5.50,16:00,01:00,9.0,16:00,01:04,8.0,1.2,9.2,53.76
2026-02-11,EMP-015,Becca Thompson,Bartender,16.00,16:00,01:00,9.0,16:00,01:00,8.0,0.9,8.9,150.72
2026-02-11,EMP-018,Cole Jenkins,Bartender,15.00,16:00,01:00,9.0,16:00,01:14,8.0,0.9,8.9,139.26
2026-02-11,EMP-021,Zoe Henderson,Bartender,14.00,16:00,01:00,9.0,16:00,01:00,8.0,1.1,9.1,134.42
2026-02-11,EMP-022,Nate Fitzgerald,Bartender,13.00,16:00,01:00,9.0,16:00,01:15,8.0,1.0,9.0,124.41
2026-02-11,EMP-025,Maddie Turner,Bartender,14.00,16:00,01:00,9.0,16:02,01:14,8.0,0.9,8.9,131.36
2026-02-11,EMP-031,Matt Donovan,Lead Bartender,17.00,16:00,01:00,9.0,16:00,01:00,8.0,0.9,8.9,158.27
2026-02-11,EMP-035,Isaac Bell,Barback,10.50,16:00,01:00,9.0,16:00,01:05,8.0,1.3,9.3,103.9
2026-02-11,EMP-039,Paige Ramirez,Server,6.00,16:00,01:00,9.0,16:00,01:15,8.0,1.2,9.2,58.54
2026-02-11,EMP-040,Noah Foster,Server,5.50,16:00,01:00,9.0,16:01,01:00,8.0,1.2,9.2,53.87
2026-02-11,EMP-002,Marcus Rivera,Bartender,15.00,20:00,02:00,6.0,20:04,02:10,5.9,0,5.9,88.61
2026-02-11,EMP-004,Jake Patterson,Bartender,12.00,20:00,02:00,6.0,20:00,02:03,6.1,0,6.1,72.61
2026-02-11,EMP-005,Tyler Brooks,Lead Bartender,18.00,20:00,02:00,6.0,20:01,02:00,6.1,0,6.1,110.5
2026-02-11,EMP-006,Ryan Okafor,Barback,12.00,20:00,02:00,6.0,20:01,02:01,5.8,0,5.8,69.71
2026-02-11,EMP-009,Tony Garcia,Server,5.50,20:00,02:00,6.0,20:00,02:09,6.1,0,6.1,33.55
2026-02-11,EMP-013,Darius Washington,Doorman,14.00,20:00,02:00,6.0,20:00,02:02,5.8,0,5.8,81.33
2026-02-11,EMP-015,Becca Thompson,Bartender,16.00,20:00,02:00,6.0,20:00,02:14,5.9,0,5.9,95.1
2026-02-11,EMP-020,Logan Scott,Bartender,13.00,20:00,02:00,6.0,20:01,02:10,6.3,0,6.3,81.44
2026-02-11,EMP-021,Zoe Henderson,Bartender,14.00,20:00,02:00,6.0,20:00,02:05,6.0,0,6.0,83.62
2026-02-11,EMP-026,Dylan Morales,Bartender,13.00,20:00,02:00,6.0,20:00,02:07,5.9,0,5.9,77.06
2026-02-11,EMP-027,Lexi Harper,Bartender,12.00,20:00,02:00,6.0,20:04,02:00,6.1,0,6.1,73.39
2026-02-11,EMP-029,Jordan Blake,Lead Bartender,20.00,20:00,02:00,6.0,20:00,02:11,6.0,0,6.0,119.69
2026-02-11,EMP-030,Samantha Reed,Lead Bartender,18.00,20:00,02:00,6.0,20:00,02:09,6.1,0,6.1,110.47
2026-02-11,EMP-031,Matt Donovan,Lead Bartender,17.00,20:00,02:00,6.0,20:04,02:13,5.9,0,5.9,100.02
2026-02-11,EMP-035,Isaac Bell,Barback,10.50,20:00,02:00,6.0,20:00,02:12,6.2,0,6.2,64.81
2026-02-11,EMP-043,Liam Hayes,Server,5.50,20:00,02:00,6.0,20:01,02:01,5.9,0,5.9,32.48
2026-02-11,EMP-044,Marcus Green,Doorman,13.00,20:00,02:00,6.0,20:00,02:00,6.2,0,6.2,81.02
2026-02-12,EMP-004,Jake Patterson,Bartender,12.00,11:00,17:00,6.0,11:04,17:03,6.0,0,6.0,71.52
2026-02-12,EMP-009,Tony Garcia,Server,5.50,11:00,17:00,6.0,11:05,17:15,6.2,0,6.2,33.99
2026-02-12,EMP-027,Lexi Harper,Bartender,12.00,11:00,17:00,6.0,11:00,17:00,6.1,0,6.1,72.8
2026-02-12,EMP-031,Matt Donovan,Lead Bartender,17.00,11:00,17:00,6.0,11:00,17:07,6.1,0,6.1,103.53
2026-02-12,EMP-037,Lucas Ward,Barback,11.00,11:00,17:00,6.0,11:00,17:14,5.9,0,5.9,65.03
2026-02-12,EMP-040,Noah Foster,Server,5.50,11:00,17:00,6.0,11:04,17:08,6.3,0,6.3,34.5
2026-02-12,EMP-047,Kevin Walsh,Lead Bartender,22.00,11:00,17:00,6.0,11:04,17:15,6.0,0,6.0,132.79
2026-02-12,EMP-050,Taylor Quinn,Bartender,13.00,11:00,17:00,6.0,11:00,17:00,6.2,0,6.2,80.23
2026-02-12,EMP-006,Ryan Okafor,Barback,12.00,16:00,01:00,9.0,16:00,01:02,8.0,0.9,8.9,111.98
2026-02-12,EMP-009,Tony Garcia,Server,5.50,16:00,01:00,9.0,16:00,01:00,8.0,1.2,9.2,54.29
2026-02-12,EMP-010,Katie Brown,Server,5.50,16:00,01:00,9.0,16:02,01:09,8.0,0.9,8.9,51.61
2026-02-12,EMP-020,Logan Scott,Bartender,13.00,16:00,01:00,9.0,16:04,01:05,8.0,1.2,9.2,128.1
2026-02-12,EMP-022,Nate Fitzgerald,Bartender,13.00,16:00,01:00,9.0,16:00,01:00,8.0,1.2,9.2,126.9
2026-02-12,EMP-027,Lexi Harper,Bartender,12.00,16:00,01:00,9.0,16:01,01:03,8.0,1.2,9.2,118.35
2026-02-12,EMP-036,Mason Perry,Barback,12.00,16:00,01:00,9.0,16:01,01:00,8.0,1.0,9.0,113.67
2026-02-12,EMP-042,Grace Kelley,Server,5.50,16:00,01:00,9.0,16:00,01:03,8.0,1.2,9.2,53.73
2026-02-12,EMP-050,Taylor Quinn,Bartender,13.00,16:00,01:00,9.0,16:05,01:05,8.0,0.9,8.9,120.98
2026-02-12,EMP-001,Sofia Martinez,Bartender,16.00,20:00,02:00,6.0,20:02,02:01,5.9,0,5.9,94.92
2026-02-12,EMP-002,Marcus Rivera,Bartender,15.00,20:00,02:00,6.0,20:00,02:09,6.2,0,6.2,93.74
2026-02-12,EMP-004,Jake Patterson,Bartender,12.00,20:00,02:00,6.0,20:00,02:05,5.9,0,5.9,71.37
2026-02-12,EMP-013,Darius Washington,Doorman,14.00,20:00,02:00,6.0,20:00,02:00,5.9,0,5.9,82.75
2026-02-12,EMP-016,Drew Collins,Bartender,15.00,20:00,02:00,6.0,20:00,02:13,6.1,0,6.1,91.75
2026-02-12,EMP-019,Hailey Nguyen,Bartender,14.00,20:00,02:00,6.0,20:00,02:00,6.1,0,6.1,85.45
2026-02-12,EMP-021,Zoe Henderson,Bartender,14.00,20:00,02:00,6.0,20:00,02:00,6.2,0,6.2,87.16
2026-02-12,EMP-023,Kayla Murphy,Bartender,15.00,20:00,02:00,6.0,20:00,02:03,6.0,0,6.0,89.73
2026-02-12,EMP-044,Marcus Green,Doorman,13.00,20:00,02:00,6.0,20:00,02:04,5.9,0,5.9,76.74
2026-02-12,EMP-045,Andre Jackson,Doorman,15.00,20:00,02:00,6.0,20:04,02:00,6.1,0,6.1,91.87
2026-02-13,EMP-015,Becca Thompson,Bartender,16.00,11:00,17:00,6.0,11:00,17:06,6.1,0,6.1,98.11
2026-02-13,EMP-021,Zoe Henderson,Bartender,14.00,11:00,17:00,6.0,11:00,17:11,5.8,0,5.8,81.67
2026-02-13,EMP-033,Devon Marshall,Barback,12.00,11:00,17:00,6.0,11:04,17:11,5.9,0,5.9,71.09
2026-02-13,EMP-038,Brandon Long,Barback,13.00,11:00,17:00,6.0,11:00,17:15,6.2,0,6.2,80.97
2026-02-13,EMP-039,Paige Ramirez,Server,6.00,11:00,17:00,6.0,11:02,17:00,5.8,0,5.8,34.92
2026-02-13,EMP-047,Kevin Walsh,Lead Bartender,22.00,11:00,17:00,6.0,11:00,17:00,6.3,0,6.3,137.57
2026-02-13,EMP-048,Rachel Ellis,Lead Bartender,21.00,11:00,17:00,6.0,11:00,17:00,5.9,0,5.9,123.98
2026-02-13,EMP-050,Taylor Quinn,Bartender,13.00,11:00,17:00,6.0,11:04,17:10,6.0,0,6.0,78.42
2026-02-13,EMP-003,Jasmine Chen,Bartender,15.00,16:00,01:00,9.0,16:05,01:00,8.0,0.9,8.9,140.21
2026-02-13,EMP-004,Jake Patterson,Bartender,12.00,16:00,01:00,9.0,16:00,01:10,8.0,0.9,8.9,112.18
2026-02-13,EMP-006,Ryan Okafor,Barback,12.00,16:00,01:00,9.0,16:02,01:04,8.0,1.1,9.1,115.52
2026-02-13,EMP-010,Katie Brown,Server,5.50,16:00,01:00,9.0,16:02,01:15,8.0,0.9,8.9,51.4
2026-02-13,EMP-017,Megan Russo,Bartender,14.00,16:00,01:00,9.0,16:00,01:03,8.0,1.2,9.2,136.72
2026-02-13,EMP-019,Hailey Nguyen,Bartender,14.00,16:00,01:00,9.0,16:00,01:05,8.0,1.1,9.1,134.13
2026-02-13,EMP-020,Logan Scott,Bartender,13.00,16:00,01:00,9.0,16:05,01:04,8.0,0.9,8.9,122.18
2026-02-13,EMP-022,Nate Fitzgerald,Bartender,13.00,16:00,01:00,9.0,16:05,01:12,8.0,1.1,9.1,124.5
2026-02-13,EMP-024,Trey Adams,Bartender,12.00,16:00,01:00,9.0,16:00,01:10,8.0,0.8,8.8,110.46
2026-02-13,EMP-026,Dylan Morales,Bartender,13.00,16:00,01:00,9.0,16:02,01:00,8.0,0.9,8.9,121.34
2026-02-13,EMP-029,Jordan Blake,Lead Bartender,20.00,16:00,01:00,9.0,16:02,01:05,8.0,1.1,9.1,193.57
2026-02-13,EMP-032,Olivia Price,Lead Bartender,19.00,16:00,01:00,9.0,16:00,01:02,8.0,0.9,8.9,177.84
2026-02-13,EMP-033,Devon Marshall,Barback,12.00,16:00,01:00,9.0,16:00,01:11,8.0,1.0,9.0,114.65
2026-02-13,EMP-036,Mason Perry,Barback,12.00,16:00,01:00,9.0,16:05,01:00,8.0,1.0,9.0,113.31
2026-02-13,EMP-038,Brandon Long,Barback,13.00,16:00,01:00,9.0,16:01,01:00,8.0,1.2,9.2,127.91
2026-02-13,EMP-040,Noah Foster,Server,5.50,16:00,01:00,9.0,16:03,01:10,8.0,1.1,9.1,53.3
2026-02-13,EMP-043,Liam Hayes,Server,5.50,16:00,01:00,9.0,16:00,01:10,8.0,1.3,9.3,54.45
2026-02-13,EMP-048,Rachel Ellis,Lead Bartender,21.00,16:00,01:00,9.0,16:00,01:05,8.0,1.2,9.2,204.65
2026-02-13,EMP-050,Taylor Quinn,Bartender,13.00,16:00,01:00,9.0,16:00,01:08,8.0,1.1,9.1,125.09
2026-02-13,EMP-002,Marcus Rivera,Bartender,15.00,20:00,02:00,6.0,20:01,02:00,6.3,0,6.3,94.27
2026-02-13,EMP-003,Jasmine Chen,Bartender,15.00,20:00,02:00,6.0,20:00,02:09,6.2,0,6.2,92.75
2026-02-13,EMP-004,Jake Patterson,Bartender,12.00,20:00,02:00,6.0,20:00,02:01,6.1,0,6.1,73.57
2026-02-13,EMP-005,Tyler Brooks,Lead Bartender,18.00,20:00,02:00,6.0,20:00,02:00,6.0,0,6.0,107.3
2026-02-13,EMP-007,Ethan Kim,Barback,11.00,20:00,02:00,6.0,20:03,02:01,6.2,0,6.2,68.19
2026-02-13,EMP-009,Tony Garcia,Server,5.50,20:00,02:00,6.0,20:00,02:00,5.8,0,5.8,32.1
2026-02-13,EMP-010,Katie Brown,Server,5.50,20:00,02:00,6.0,20:02,02:13,6.0,0,6.0,33.19
2026-02-13,EMP-014,Chris Patel,Doorman,12.00,20:00,02:00,6.0,20:05,02:07,6.1,0,6.1,73.73
2026-02-13,EMP-017,Megan Russo,Bartender,14.00,20:00,02:00,6.0,20:04,02:13,6.0,0,6.0,83.83
2026-02-13,EMP-018,Cole Jenkins,Bartender,15.00,20:00,02:00,6.0,20:05,02:05,5.9,0,5.9,89.07
2026-02-13,EMP-019,Hailey Nguyen,Bartender,14.00,20:00,02:00,6.0,20:00,02:00,6.0,0,6.0,84.5
2026-02-13,EMP-021,Zoe Henderson,Bartender,14.00,20:00,02:00,6.0,20:01,02:00,6.2,0,6.2,87.32
2026-02-13,EMP-025,Maddie Turner,Bartender,14.00,20:00,02:00,6.0,20:00,02:13,6.1,0,6.1,85.03
2026-02-13,EMP-030,Samantha Reed,Lead Bartender,18.00,20:00,02:00,6.0,20:00,02:05,6.3,0,6.3,113.01
2026-02-13,EMP-032,Olivia Price,Lead Bartender,19.00,20:00,02:00,6.0,20:02,02:01,5.9,0,5.9,111.95
2026-02-13,EMP-035,Isaac Bell,Barback,10.50,20:00,02:00,6.0,20:05,02:03,5.9,0,5.9,62.24
2026-02-13,EMP-038,Brandon Long,Barback,13.00,20:00,02:00,6.0,20:00,02:15,6.0,0,6.0,78.07
2026-02-13,EMP-039,Paige Ramirez,Server,6.00,20:00,02:00,6.0,20:02,02:00,6.2,0,6.2,37.3
2026-02-13,EMP-040,Noah Foster,Server,5.50,20:00,02:00,6.0,20:03,02:06,5.8,0,5.8,31.94
2026-02-13,EMP-041,Emma Sullivan,Server,5.50,20:00,02:00,6.0,20:00,02:11,6.2,0,6.2,34.3
2026-02-13,EMP-042,Grace Kelley,Server,5.50,20:00,02:00,6.0,20:03,02:10,5.9,0,5.9,32.68
2026-02-13,EMP-043,Liam Hayes,Server,5.50,20:00,02:00,6.0,20:00,02:00,6.1,0,6.1,33.45
2026-02-13,EMP-049,Ian Doyle,Bartender,14.00,20:00,02:00,6.0,20:02,02:14,6.1,0,6.1,85.75
2026-02-13,EMP-050,Taylor Quinn,Bartender,13.00,20:00,02:00,6.0,20:00,02:08,6.2,0,6.2,80.72
2026-02-14,EMP-010,Katie Brown,Server,5.50,11:00,17:00,6.0,11:00,17:00,5.9,0,5.9,32.4
2026-02-14,EMP-028,Caleb Stewart,Bartender,15.00,11:00,17:00,6.0,11:04,17:07,5.8,0,5.8,87.14
2026-02-14,EMP-029,Jordan Blake,Lead Bartender,20.00,11:00,17:00,6.0,11:01,17:00,5.9,0,5.9,118.59
2026-02-14,EMP-032,Olivia Price,Lead Bartender,19.00,11:00,17:00,6.0,11:05,17:05,6.1,0,6.1,115.26
2026-02-14,EMP-037,Lucas Ward,Barback,11.00,11:00,17:00,6.0,11:04,17:06,6.2,0,6.2,68.71
2026-02-14,EMP-041,Emma Sullivan,Server,5.50,11:00,17:00,6.0,11:00,17:01,6.0,0,6.0,32.75
2026-02-14,EMP-043,Liam Hayes,Server,5.50,11:00,17:00,6.0,11:03,17:14,6.3,0,6.3,34.5
2026-02-14,EMP-047,Kevin Walsh,Lead Bartender,22.00,11:00,17:00,6.0,11:00,17:12,6.0,0,6.0,131.43
2026-02-14,EMP-048,Rachel Ellis,Lead Bartender,21.00,11:00,17:00,6.0,11:00,17:02,6.1,0,6.1,128.71
2026-02-14,EMP-049,Ian Doyle,Bartender,14.00,11:00,17:00,6.0,11:00,17:08,6.3,0,6.3,88.14
2026-02-14,EMP-001,Sofia Martinez,Bartender,16.00,16:00,01:00,9.0,16:00,01:06,8.0,0.8,8.8,147.53
2026-02-14,EMP-005,Tyler Brooks,Lead Bartender,18.00,16:00,01:00,9.0,16:01,01:00,8.0,1.0,9.0,171.59
2026-02-14,EMP-010,Katie Brown,Server,5.50,16:00,01:00,9.0,16:02,01:09,8.0,1.0,9.0,52.25
2026-02-14,EMP-015,Becca Thompson,Bartender,16.00,16:00,01:00,9.0,16:01,01:13,8.0,1.2,9.2,156.97
2026-02-14,EMP-016,Drew Collins,Bartender,15.00,16:00,01:00,9.0,16:00,01:11,8.0,1.3,9.3,148.27
2026-02-14,EMP-018,Cole Jenkins,Bartender,15.00,16:00,01:00,9.0,16:00,01:00,8.0,1.3,9.3,148.58
2026-02-14,EMP-021,Zoe Henderson,Bartender,14.00,16:00,01:00,9.0,16:00,01:08,8.0,0.9,8.9,130.81
2026-02-14,EMP-024,Trey Adams,Bartender,12.00,16:00,01:00,9.0,16:00,01:11,8.0,0.9,8.9,111.41
2026-02-14,EMP-026,Dylan Morales,Bartender,13.00,16:00,01:00,9.0,16:00,01:07,8.0,1.2,9.2,127.43
2026-02-14,EMP-027,Lexi Harper,Bartender,12.00,16:00,01:00,9.0,16:00,01:06,8.0,1.0,9.0,113.64
2026-02-14,EMP-028,Caleb Stewart,Bartender,15.00,16:00,01:00,9.0,16:00,01:08,8.0,1.3,9.3,148.64
2026-02-14,EMP-030,Samantha Reed,Lead Bartender,18.00,16:00,01:00,9.0,16:00,01:15,8.0,1.1,9.1,174.29
2026-02-14,EMP-032,Olivia Price,Lead Bartender,19.00,16:00,01:00,9.0,16:02,01:00,8.0,1.3,9.3,188.36
2026-02-14,EMP-033,Devon Marshall,Barback,12.00,16:00,01:00,9.0,16:05,01:05,8.0,0.8,8.8,110.81
2026-02-14,EMP-035,Isaac Bell,Barback,10.50,16:00,01:00,9.0,16:00,01:00,8.0,1.1,9.1,100.68
2026-02-14,EMP-036,Mason Perry,Barback,12.00,16:00,01:00,9.0,16:02,01:00,8.0,0.8,8.8,110.95
2026-02-14,EMP-040,Noah Foster,Server,5.50,16:00,01:00,9.0,16:01,01:00,8.0,1.0,9.0,52.33
2026-02-14,EMP-041,Emma Sullivan,Server,5.50,16:00,01:00,9.0,16:03,01:00,8.0,1.2,9.2,53.66
2026-02-14,EMP-047,Kevin Walsh,Lead Bartender,22.00,16:00,01:00,9.0,16:00,01:00,8.0,0.8,8.8,202.89
2026-02-14,EMP-048,Rachel Ellis,Lead Bartender,21.00,16:00,01:00,9.0,16:01,01:15,8.0,1.0,9.0,199.08
2026-02-14,EMP-003,Jasmine Chen,Bartender,15.00,20:00,02:00,6.0,20:00,02:05,5.8,0,5.8,87.21
2026-02-14,EMP-006,Ryan Okafor,Barback,12.00,20:00,02:00,6.0,20:01,02:00,6.1,0,6.1,72.84
2026-02-14,EMP-010,Katie Brown,Server,5.50,20:00,02:00,6.0,20:00,02:00,6.0,0,6.0,32.86
2026-02-14,EMP-013,Darius Washington,Doorman,14.00,20:00,02:00,6.0,20:01,02:00,5.9,0,5.9,81.99
2026-02-14,EMP-018,Cole Jenkins,Bartender,15.00,20:00,02:00,6.0,20:04,02:15,5.8,0,5.8,87.01
2026-02-14,EMP-022,Nate Fitzgerald,Bartender,13.00,20:00,02:00,6.0,20:00,02:12,6.0,0,6.0,77.78
2026-02-14,EMP-029,Jordan Blake,Lead Bartender,20.00,20:00,02:00,6.0,20:00,02:11,5.9,0,5.9,117.3
2026-02-14,EMP-032,Olivia Price,Lead Bartender,19.00,20:00,02:00,6.0,20:00,02:00,6.2,0,6.2,117.01
2026-02-14,EMP-033,Devon Marshall,Barback,12.00,20:00,02:00,6.0,20:04,02:00,5.9,0,5.9,71.1
2026-02-14,EMP-034,Jalen Cooper,Barback,11.00,20:00,02:00,6.0,20:05,02:04,6.0,0,6.0,65.61
2026-02-14,EMP-041,Emma Sullivan,Server,5.50,20:00,02:00,6.0,20:01,02:06,6.1,0,6.1,33.72
2026-02-14,EMP-045,Andre Jackson,Doorman,15.00,20:00,02:00,6.0,20:01,02:15,5.8,0,5.8,87.36
2026-02-14,EMP-046,Terrence Boyd,Doorman,11.00,20:00,02:00,6.0,20:00,02:00,5.9,0,5.9,64.59
2026-02-14,EMP-047,Kevin Walsh,Lead Bartender,22.00,20:00,02:00,6.0,20:00,02:00,6.0,0,6.0,131.96
2026-02-14,EMP-048,Rachel Ellis,Lead Bartender,21.00,20:00,02:00,6.0,20:02,02:10,6.2,0,6.2,130.81
2026-02-14,EMP-049,Ian Doyle,Bartender,14.00,20:00,02:00,6.0,20:04,02:07,6.0,0,6.0,84.36
2026-02-15,EMP-001,Sofia Martinez,Bartender,16.00,11:00,17:00,6.0,11:04,17:03,6.1,0,6.1,97.17
2026-02-15,EMP-002,Marcus Rivera,Bartender,15.00,11:00,17:00,6.0,11:00,17:15,6.2,0,6.2,92.76
2026-02-15,EMP-009,Tony Garcia,Server,5.50,11:00,17:00,6.0,11:02,17:12,6.0,0,6.0,33.15
2026-02-15,EMP-016,Drew Collins,Bartender,15.00,11:00,17:00,6.0,11:00,17:11,5.9,0,5.9,88.97
2026-02-15,EMP-020,Logan Scott,Bartender,13.00,11:00,17:00,6.0,11:03,17:00,5.8,0,5.8,76.01
2026-02-15,EMP-024,Trey Adams,Bartender,12.00,11:00,17:00,6.0,11:00,17:00,6.2,0,6.2,74.84
2026-02-15,EMP-034,Jalen Cooper,Barback,11.00,11:00,17:00,6.0,11:03,17:00,6.0,0,6.0,65.99
2026-02-15,EMP-040,Noah Foster,Server,5.50,11:00,17:00,6.0,11:05,17:02,6.2,0,6.2,34.03
2026-02-15,EMP-041,Emma Sullivan,Server,5.50,11:00,17:00,6.0,11:00,17:11,6.1,0,6.1,33.55
2026-02-15,EMP-042,Grace Kelley,Server,5.50,11:00,17:00,6.0,11:03,17:11,5.8,0,5.8,32.03
2026-02-16,EMP-004,Jake Patterson,Bartender,12.00,11:00,17:00,6.0,11:00,17:00,6.1,0,6.1,73.68
2026-02-16,EMP-010,Katie Brown,Server,5.50,11:00,17:00,6.0,11:00,17:12,6.3,0,6.3,34.49
2026-02-16,EMP-018,Cole Jenkins,Bartender,15.00,11:00,17:00,6.0,11:01,17:04,6.0,0,6.0,89.92
2026-02-16,EMP-027,Lexi Harper,Bartender,12.00,11:00,17:00,6.0,11:00,17:03,6.2,0,6.2,73.85
2026-02-16,EMP-029,Jordan Blake,Lead Bartender,20.00,11:00,17:00,6.0,11:04,17:14,6.3,0,6.3,125.59
2026-02-16,EMP-031,Matt Donovan,Lead Bartender,17.00,11:00,17:00,6.0,11:01,17:00,5.9,0,5.9,99.82
2026-02-16,EMP-038,Brandon Long,Barback,13.00,11:00,17:00,6.0,11:00,17:15,6.0,0,6.0,78.12
2026-02-16,EMP-041,Emma Sullivan,Server,5.50,11:00,17:00,6.0,11:00,17:00,5.9,0,5.9,32.52
2026-02-16,EMP-043,Liam Hayes,Server,5.50,11:00,17:00,6.0,11:01,17:00,6.2,0,6.2,33.9
2026-02-16,EMP-049,Ian Doyle,Bartender,14.00,11:00,17:00,6.0,11:00,17:03,6.2,0,6.2,86.52
2026-02-16,EMP-050,Taylor Quinn,Bartender,13.00,11:00,17:00,6.0,11:00,17:11,6.0,0,6.0,77.42
2026-02-16,EMP-002,Marcus Rivera,Bartender,15.00,16:00,01:00,9.0,16:05,01:14,8.0,1.0,9.0,143.3
2026-02-16,EMP-005,Tyler Brooks,Lead Bartender,18.00,16:00,01:00,9.0,16:00,01:12,8.0,1.2,9.2,175.63
2026-02-16,EMP-008,Aisha Williams,Server,5.50,16:00,01:00,9.0,16:00,01:03,8.0,1.3,9.3,54.52
2026-02-16,EMP-009,Tony Garcia,Server,5.50,16:00,01:00,9.0,16:00,01:00,8.0,1.1,9.1,53.19
2026-02-16,EMP-015,Becca Thompson,Bartender,16.00,16:00,01:00,9.0,16:02,01:04,8.0,0.9,8.9,149.9
2026-02-16,EMP-016,Drew Collins,Bartender,15.00,16:00,01:00,9.0,16:04,01:14,8.0,1.2,9.2,147.73
2026-02-16,EMP-018,Cole Jenkins,Bartender,15.00,16:00,01:00,9.0,16:05,01:10,8.0,1.2,9.2,147.41
2026-02-16,EMP-024,Trey Adams,Bartender,12.00,16:00,01:00,9.0,16:00,01:03,8.0,1.1,9.1,116.16
2026-02-16,EMP-025,Maddie Turner,Bartender,14.00,16:00,01:00,9.0,16:05,01:03,8.0,1.3,9.3,139.12
2026-02-16,EMP-027,Lexi Harper,Bartender,12.00,16:00,01:00,9.0,16:00,01:10,8.0,0.9,8.9,112.58
2026-02-16,EMP-032,Olivia Price,Lead Bartender,19.00,16:00,01:00,9.0,16:02,01:12,8.0,1.1,9.1,183.44
2026-02-16,EMP-038,Brandon Long,Barback,13.00,16:00,01:00,9.0,16:00,01:13,8.0,1.2,9.2,127.77
2026-02-16,EMP-041,Emma Sullivan,Server,5.50,16:00,01:00,9.0,16:00,01:00,8.0,1.3,9.3,54.59
2026-02-16,EMP-042,Grace Kelley,Server,5.50,16:00,01:00,9.0,16:04,01:14,8.0,1.0,9.0,52.34
2026-02-16,EMP-043,Liam Hayes,Server,5.50,16:00,01:00,9.0,16:00,01:06,8.0,1.1,9.1,53.27
2026-02-16,EMP-050,Taylor Quinn,Bartender,13.00,16:00,01:00,9.0,16:01,01:15,8.0,1.2,9.2,126.86
2026-02-17,EMP-004,Jake Patterson,Bartender,12.00,11:00,17:00,6.0,11:00,17:00,6.1,0,6.1,73.38
2026-02-17,EMP-008,Aisha Williams,Server,5.50,11:00,17:00,6.0,11:01,17:00,6.2,0,6.2,33.9
2026-02-17,EMP-015,Becca Thompson,Bartender,16.00,11:00,17:00,6.0,11:05,17:06,6.0,0,6.0,95.62
2026-02-17,EMP-019,Hailey Nguyen,Bartender,14.00,11:00,17:00,6.0,11:00,17:05,6.0,0,6.0,84.41
2026-02-17,EMP-021,Zoe Henderson,Bartender,14.00,11:00,17:00,6.0,11:00,17:01,6.1,0,6.1,85.11
2026-02-17,EMP-030,Samantha Reed,Lead Bartender,18.00,11:00,17:00,6.0,11:02,17:00,6.0,0,6.0,107.4
2026-02-17,EMP-035,Isaac Bell,Barback,10.50,11:00,17:00,6.0,11:00,17:00,6.3,0,6.3,65.7
2026-02-17,EMP-038,Brandon Long,Barback,13.00,11:00,17:00,6.0,11:01,17:05,6.1,0,6.1,79.44
2026-02-17,EMP-041,Emma Sullivan,Server,5.50,11:00,17:00,6.0,11:02,17:06,6.0,0,6.0,32.83
2026-02-17,EMP-048,Rachel Ellis,Lead Bartender,21.00,11:00,17:00,6.0,11:00,17:05,5.8,0,5.8,121.97
2026-02-17,EMP-049,Ian Doyle,Bartender,14.00,11:00,17:00,6.0,11:00,17:11,6.2,0,6.2,86.1
2026-02-17,EMP-004,Jake Patterson,Bartender,12.00,16:00,01:00,9.0,16:00,01:01,8.0,0.8,8.8,111.24
2026-02-17,EMP-010,Katie Brown,Server,5.50,16:00,01:00,9.0,16:00,01:12,8.0,1.0,9.0,52.06
2026-02-17,EMP-015,Becca Thompson,Bartender,16.00,16:00,01:00,9.0,16:01,01:00,8.0,1.2,9.2,157.34
2026-02-17,EMP-023,Kayla Murphy,Bartender,15.00,16:00,01:00,9.0,16:00,01:09,8.0,1.2,9.2,147.29
2026-02-17,EMP-024,Trey Adams,Bartender,12.00,16:00,01:00,9.0,16:00,01:03,8.0,0.8,8.8,110.64
2026-02-17,EMP-025,Maddie Turner,Bartender,14.00,16:00,01:00,9.0,16:00,01:02,8.0,1.2,9.2,137.99
2026-02-17,EMP-029,Jordan Blake,Lead Bartender,20.00,16:00,01:00,9.0,16:00,01:02,8.0,1.3,9.3,198.47
2026-02-17,EMP-036,Mason Perry,Barback,12.00,16:00,01:00,9.0,16:00,01:11,8.0,1.1,9.1,115.63
2026-02-17,EMP-049,Ian Doyle,Bartender,14.00,16:00,01:00,9.0,16:00,01:06,8.0,1.3,9.3,138.25
2026-02-18,EMP-010,Katie Brown,Server,5.50,11:00,17:00,6.0,11:00,17:12,6.1,0,6.1,33.49
2026-02-18,EMP-015,Becca Thompson,Bartender,16.00,11:00,17:00,6.0,11:03,17:10,6.1,0,6.1,97.08
2026-02-18,EMP-016,Drew Collins,Bartender,15.00,11:00,17:00,6.0,11:04,17:02,6.2,0,6.2,92.4
2026-02-18,EMP-027,Lexi Harper,Bartender,12.00,11:00,17:00,6.0,11:04,17:09,6.0,0,6.0,72.58
2026-02-18,EMP-030,Samantha Reed,Lead Bartender,18.00,11:00,17:00,6.0,11:03,17:09,6.1,0,6.1,109.43
2026-02-18,EMP-031,Matt Donovan,Lead Bartender,17.00,11:00,17:00,6.0,11:00,17:10,6.2,0,6.2,105.97
2026-02-18,EMP-033,Devon Marshall,Barback,12.00,11:00,17:00,6.0,11:05,17:06,5.8,0,5.8,69.99
2026-02-18,EMP-001,Sofia Martinez,Bartender,16.00,16:00,01:00,9.0,16:02,01:04,8.0,1.1,9.1,153.66
2026-02-18,EMP-003,Jasmine Chen,Bartender,15.00,16:00,01:00,9.0,16:04,01:11,8.0,1.3,9.3,148.65
2026-02-18,EMP-004,Jake Patterson,Bartender,12.00,16:00,01:00,9.0,16:03,01:13,8.0,1.0,9.0,113.23
2026-02-18,EMP-005,Tyler Brooks,Lead Bartender,18.00,16:00,01:00,9.0,16:04,01:00,8.0,1.2,9.2,175.21
2026-02-18,EMP-006,Ryan Okafor,Barback,12.00,16:00,01:00,9.0,16:00,01:00,8.0,1.1,9.1,115.92
2026-02-18,EMP-015,Becca Thompson,Bartender,16.00,16:00,01:00,9.0,16:04,01:00,8.0,1.2,9.2,157.23
2026-02-18,EMP-016,Drew Collins,Bartender,15.00,16:00,01:00,9.0,16:02,01:00,8.0,1.0,9.0,141.73
2026-02-18,EMP-017,Megan Russo,Bartender,14.00,16:00,01:00,9.0,16:01,01:13,8.0,1.2,9.2,136.16
2026-02-18,EMP-020,Logan Scott,Bartender,13.00,16:00,01:00,9.0,16:02,01:00,8.0,1.2,9.2,127.86
2026-02-18,EMP-021,Zoe Henderson,Bartender,14.00,16:00,01:00,9.0,16:00,01:06,8.0,0.9,8.9,130.66
2026-02-18,EMP-024,Trey Adams,Bartender,12.00,16:00,01:00,9.0,16:00,01:00,8.0,0.9,8.9,112.74
2026-02-18,EMP-025,Maddie Turner,Bartender,14.00,16:00,01:00,9.0,16:00,01:15,8.0,1.1,9.1,135.45
2026-02-18,EMP-026,Dylan Morales,Bartender,13.00,16:00,01:00,9.0,16:00,01:11,8.0,0.9,8.9,122.11
2026-02-18,EMP-028,Caleb Stewart,Bartender,15.00,16:00,01:00,9.0,16:03,01:00,8.0,1.1,9.1,145.68
2026-02-18,EMP-029,Jordan Blake,Lead Bartender,20.00,16:00,01:00,9.0,16:00,01:11,8.0,0.8,8.8,184.19
2026-02-18,EMP-030,Samantha Reed,Lead Bartender,18.00,16:00,01:00,9.0,16:00,01:00,8.0,1.2,9.2,176.4
2026-02-18,EMP-032,Olivia Price,Lead Bartender,19.00,16:00,01:00,9.0,16:00,01:00,8.0,0.9,8.9,177.49
2026-02-18,EMP-034,Jalen Cooper,Barback,11.00,16:00,01:00,9.0,16:00,01:06,8.0,0.8,8.8,102.0
2026-02-18,EMP-036,Mason Perry,Barback,12.00,16:00,01:00,9.0,16:00,01:13,8.0,0.9,8.9,111.99
2026-02-18,EMP-003,Jasmine Chen,Bartender,15.00,20:00,02:00,6.0,20:00,02:04,5.9,0,5.9,87.81
2026-02-18,EMP-006,Ryan Okafor,Barback,12.00,20:00,02:00,6.0,20:00,02:10,5.9,0,5.9,70.76
2026-02-18,EMP-008,Aisha Williams,Server,5.50,20:00,02:00,6.0,20:04,02:05,6.3,0,6.3,34.48
2026-02-18,EMP-016,Drew Collins,Bartender,15.00,20:00,02:00,6.0,20:03,02:00,6.0,0,6.0,89.54
2026-02-18,EMP-018,Cole Jenkins,Bartender,15.00,20:00,02:00,6.0,20:02,02:01,6.2,0,6.2,92.96
2026-02-18,EMP-019,Hailey Nguyen,Bartender,14.00,20:00,02:00,6.0,20:00,02:10,6.2,0,6.2,86.88
2026-02-18,EMP-024,Trey Adams,Bartender,12.00,20:00,02:00,6.0,20:03,02:00,6.1,0,6.1,73.58
2026-02-18,EMP-025,Maddie Turner,Bartender,14.00,20:00,02:00,6.0,20:03,02:13,6.1,0,6.1,85.23
2026-02-18,EMP-029,Jordan Blake,Lead Bartender,20.00,20:00,02:00,6.0,20:00,02:00,6.0,0,6.0,120.48
2026-02-18,EMP-030,Samantha Reed,Lead Bartender,18.00,20:00,02:00,6.0,20:05,02:08,6.0,0,6.0,108.04
2026-02-18,EMP-034,Jalen Cooper,Barback,11.00,20:00,02:00,6.0,20:02,02:14,6.0,0,6.0,65.94
2026-02-18,EMP-037,Lucas Ward,Barback,11.00,20:00,02:00,6.0,20:05,02:00,6.1,0,6.1,66.7
2026-02-18,EMP-039,Paige Ramirez,Server,6.00,20:00,02:00,6.0,20:00,02:04,6.2,0,6.2,37.48
2026-02-18,EMP-043,Liam Hayes,Server,5.50,20:00,02:00,6.0,20:00,02:00,6.1,0,6.1,33.37
2026-02-18,EMP-044,Marcus Green,Doorman,13.00,20:00,02:00,6.0,20:00,02:07,5.9,0,5.9,76.62
2026-02-18,EMP-047,Kevin Walsh,Lead Bartender,22.00,20:00,02:00,6.0,20:05,02:08,6.2,0,6.2,135.72
2026-02-18,EMP-050,Taylor Quinn,Bartender,13.00,20:00,02:00,6.0,20:00,02:00,6.3,0,6.3,81.32
2026-02-19,EMP-001,Sofia Martinez,Bartender,16.00,11:00,17:00,6.0,11:00,17:02,6.2,0,6.2,98.5
2026-02-19,EMP-004,Jake Patterson,Bartender,12.00,11:00,17:00,6.0,11:00,17:10,5.9,0,5.9,70.84
2026-02-19,EMP-009,Tony Garcia,Server,5.50,11:00,17:00,6.0,11:01,17:01,6.3,0,6.3,34.38
2026-02-19,EMP-010,Katie Brown,Server,5.50,11:00,17:00,6.0,11:00,17:00,6.3,0,6.3,34.39
2026-02-19,EMP-020,Logan Scott,Bartender,13.00,11:00,17:00,6.0,11:01,17:02,6.0,0,6.0,77.82
2026-02-19,EMP-023,Kayla Murphy,Bartender,15.00,11:00,17:00,6.0,11:00,17:14,5.9,0,5.9,88.85
2026-02-19,EMP-033,Devon Marshall,Barback,12.00,11:00,17:00,6.0,11:05,17:03,6.0,0,6.0,72.06
2026-02-19,EMP-035,Isaac Bell,Barback,10.50,11:00,17:00,6.0,11:01,17:07,5.9,0,5.9,62.36
2026-02-19,EMP-003,Jasmine Chen,Bartender,15.00,16:00,01:00,9.0,16:05,01:00,8.0,0.9,8.9,139.3
2026-02-19,EMP-006,Ryan Okafor,Barback,12.00,16:00,01:00,9.0,16:00,01:00,8.0,1.3,9.3,118.89
2026-02-19,EMP-007,Ethan Kim,Barback,11.00,16:00,01:00,9.0,16:05,01:07,8.0,0.9,8.9,103.55
2026-02-19,EMP-008,Aisha Williams,Server,5.50,16:00,01:00,9.0,16:04,01:03,8.0,0.9,8.9,51.05
2026-02-19,EMP-009,Tony Garcia,Server,5.50,16:00,01:00,9.0,16:00,01:00,8.0,1.1,9.1,52.89
2026-02-19,EMP-015,Becca Thompson,Bartender,16.00,16:00,01:00,9.0,16:00,01:10,8.0,1.0,9.0,152.95
2026-02-19,EMP-016,Drew Collins,Bartender,15.00,16:00,01:00,9.0,16:00,01:07,8.0,0.9,8.9,140.08
2026-02-19,EMP-019,Hailey Nguyen,Bartender,14.00,16:00,01:00,9.0,16:04,01:06,8.0,1.0,9.0,133.4
2026-02-19,EMP-020,Logan Scott,Bartender,13.00,16:00,01:00,9.0,16:04,01:00,8.0,1.1,9.1,126.06
2026-02-19,EMP-025,Maddie Turner,Bartender,14.00,16:00,01:00,9.0,16:00,01:00,8.0,1.0,9.0,132.38
2026-02-19,EMP-028,Caleb Stewart,Bartender,15.00,16:00,01:00,9.0,16:00,01:15,8.0,0.8,8.8,138.63
2026-02-19,EMP-029,Jordan Blake,Lead Bartender,20.00,16:00,01:00,9.0,16:00,01:11,8.0,0.8,8.8,184.95
2026-02-19,EMP-030,Samantha Reed,Lead Bartender,18.00,16:00,01:00,9.0,16:00,01:05,8.0,1.1,9.1,174.48
2026-02-19,EMP-033,Devon Marshall,Barback,12.00,16:00,01:00,9.0,16:00,01:14,8.0,1.1,9.1,115.16
2026-02-19,EMP-036,Mason Perry,Barback,12.00,16:00,01:00,9.0,16:00,01:00,8.0,0.9,8.9,111.4
2026-02-19,EMP-037,Lucas Ward,Barback,11.00,16:00,01:00,9.0,16:03,01:12,8.0,0.8,8.8,101.34
2026-02-19,EMP-040,Noah Foster,Server,5.50,16:00,01:00,9.0,16:00,01:00,8.0,1.3,9.3,54.32
2026-02-19,EMP-043,Liam Hayes,Server,5.50,16:00,01:00,9.0,16:00,01:13,8.0,0.8,8.8,50.84
2026-02-19,EMP-047,Kevin Walsh,Lead Bartender,22.00,16:00,01:00,9.0,16:04,01:00,8.0,1.2,9.2,216.54
2026-02-19,EMP-050,Taylor Quinn,Bartender,13.00,16:00,01:00,9.0,16:03,01:00,8.0,0.8,8.8,119.79
2026-02-19,EMP-008,Aisha Williams,Server,5.50,20:00,02:00,6.0,20:02,02:14,5.9,0,5.9,32.59
2026-02-19,EMP-017,Megan Russo,Bartender,14.00,20:00,02:00,6.0,20:00,02:15,6.2,0,6.2,86.32
2026-02-19,EMP-020,Logan Scott,Bartender,13.00,20:00,02:00,6.0,20:00,02:06,6.2,0,6.2,80.21
2026-02-19,EMP-022,Nate Fitzgerald,Bartender,13.00,20:00,02:00,6.0,20:00,02:09,6.0,0,6.0,78.07
2026-02-19,EMP-026,Dylan Morales,Bartender,13.00,20:00,02:00,6.0,20:05,02:06,5.9,0,5.9,76.75
2026-02-19,EMP-033,Devon Marshall,Barback,12.00,20:00,02:00,6.0,20:05,02:07,5.9,0,5.9,70.4
2026-02-19,EMP-036,Mason Perry,Barback,12.00,20:00,02:00,6.0,20:00,02:13,5.9,0,5.9,70.77
2026-02-19,EMP-046,Terrence Boyd,Doorman,11.00,20:00,02:00,6.0,20:00,02:10,5.9,0,5.9,64.4
2026-02-19,EMP-049,Ian Doyle,Bartender,14.00,20:00,02:00,6.0,20:04,02:08,5.8,0,5.8,81.56
2026-02-19,EMP-050,Taylor Quinn,Bartender,13.00,20:00,02:00,6.0,20:03,02:00,6.1,0,6.1,79.69
